{
  "_fv": 73,
  "_type": "recipe",
  "definition": {
    "recipeType": "Crafting",
    "recipeRetstackSize": 4,
    "group": "",
    "cookingBookCategory": "MISC",
    "xpReward": 0.0,
    "cookingTime": 200,
    "craftingBookCategory": "MISC",
    "recipeShapeless": false,
    "recipeSlots": [
      {
        "value": "Items.BRICK"
      },
      {
        "value": "Items.REDSTONE"
      },
      {
        "value": "Items.BRICK"
      },
      {
        "value": "Items.REDSTONE"
      },
      {
        "value": "CUSTOM:Clouds"
      },
      {
        "value": "Items.REDSTONE"
      },
      {
        "value": "Items.BRICK"
      },
      {
        "value": "Items.REDSTONE"
      },
      {
        "value": "Items.BRICK"
      }
    ],
    "recipeReturnStack": {
      "value": "CUSTOM:ActivateDoor"
    },
    "name": "activate_door_craft",
    "namespace": "mod"
  }
}