{
  "_fv": 73,
  "_type": "dimension",
  "definition": {
    "biomesInDimension": [
      {
        "value": "CUSTOM:NonBiome"
      }
    ],
    "worldGenType": "End like gen",
    "mainFillerBlock": {
      "value": "CUSTOM:NonBlock"
    },
    "fluidBlock": {
      "value": "CUSTOM:NonBlockBlue"
    },
    "seaLevel": 0,
    "generateOreVeins": false,
    "generateAquifers": false,
    "horizontalNoiseSize": 2,
    "verticalNoiseSize": 1,
    "defaultEffects": "overworld",
    "useCustomEffects": true,
    "hasClouds": false,
    "cloudHeight": 192.0,
    "skyType": "NONE",
    "airColor": {
      "value": -16777216,
      "falpha": 0.0
    },
    "sunHeightAffectsFog": false,
    "canRespawnHere": false,
    "hasFog": false,
    "ambientLight": 0.5,
    "doesWaterVaporize": false,
    "hasFixedTime": false,
    "fixedTimeValue": 0,
    "coordinateScale": 1.0,
    "infiniburnTag": "minecraft:infiniburn_overworld",
    "bedWorks": false,
    "hasSkyLight": false,
    "imitateOverworldBehaviour": false,
    "piglinSafe": true,
    "hasRaids": false,
    "minMonsterSpawnLightLimit": 0,
    "maxMonsterSpawnLightLimit": 7,
    "monsterSpawnBlockLightLimit": 0,
    "onPlayerEntersDimension": {
      "name": "BelowTheVoidPlayerEntersDimension"
    },
    "portalFrame": {
      "value": ""
    },
    "portalParticles": {
      "value": "PORTAL"
    },
    "portalLuminance": 0,
    "portalSound": {
      "value": "block.portal.ambient"
    },
    "enableIgniter": true,
    "igniterName": "Below The Void Portal Igniter",
    "igniterRarity": "COMMON",
    "specialInformation": {
      "fixedValue": []
    },
    "creativeTabs": [
      {
        "value": "TOOLS"
      }
    ],
    "texture": "",
    "portalTexture": "",
    "enablePortal": false
  }
}