{
  "_fv": 73,
  "_type": "feature",
  "definition": {
    "skipPlacement": false,
    "generationStep": "RAW_GENERATION",
    "restrictionBiomes": [
      {
        "value": "CUSTOM:FloatingIslandsBiome"
      }
    ],
    "featurexml": "<xml xmlns=\"https://developers.google.com/blockly/xml\"><block type=\"feature_container\" deletable=\"false\" x=\"40\" y=\"40\"><value name=\"feature\"><block type=\"feature_simple_block\"><value name=\"block\"><block type=\"blockstate_selector\"><mutation xmlns=\"http://www.w3.org/1999/xhtml\" inputs=\"0\"></mutation><field name=\"block\">CUSTOM:BigBubble</field></block></value></block></value><next><block type=\"placement_rarity\"><field name=\"rarity\">70</field><next><block type=\"placement_count_on_every_layer\"><value name=\"count\"><block type=\"int_provider_constant\"><field name=\"value\">4</field></block></value><next><block type=\"placement_height_uniform\"><value name=\"min\"><block type=\"vertical_anchor_absolute\"><field name=\"value\">100</field></block></value><value name=\"max\"><block type=\"vertical_anchor_below_top\"><field name=\"value\">10</field></block></value><next><block type=\"placement_surface_relative_threshold\"><field name=\"heightmap\">OCEAN_FLOOR_WG</field><field name=\"min\">8</field><field name=\"max\">80</field><next><block type=\"placement_biome_filter\"></block></next></block></next></block></next></block></next></block></next></block></xml>"
  }
}