{
  "_fv": 73,
  "_type": "structure",
  "definition": {
    "structure": "birch_village_main",
    "projection": "rigid",
    "ignoredBlocks": [
      {
        "value": "Blocks.STRUCTURE_BLOCK"
      }
    ],
    "spacing": 21,
    "separation": 19,
    "restrictionBiomes": [
      {
        "value": "CUSTOM:BirchPlains"
      }
    ],
    "terrainAdaptation": "beard_thin",
    "generationStep": "SURFACE_STRUCTURES",
    "surfaceDetectionType": "WORLD_SURFACE_WG",
    "useStartHeight": false,
    "startHeightProviderType": "UNIFORM",
    "startHeightMin": 0,
    "startHeightMax": 128,
    "size": 7,
    "maxDistanceFromCenter": 70,
    "jigsawPools": [
      {
        "poolName": "houses",
        "fallbackPool": "crafty_world:birch_village_paths",
        "poolParts": [
          {
            "weight": 5,
            "structure": "birch_village_house1",
            "projection": "rigid",
            "ignoredBlocks": []
          },
          {
            "weight": 3,
            "structure": "birch_village_house2",
            "projection": "rigid",
            "ignoredBlocks": []
          },
          {
            "weight": 4,
            "structure": "birch_village_house3",
            "projection": "rigid",
            "ignoredBlocks": []
          },
          {
            "weight": 1,
            "structure": "birch_village_main",
            "projection": "rigid",
            "ignoredBlocks": []
          }
        ]
      },
      {
        "poolName": "paths",
        "fallbackPool": "crafty_world:birch_village_houses",
        "poolParts": [
          {
            "weight": 1,
            "structure": "birch_village_road1",
            "projection": "terrain_matching",
            "ignoredBlocks": []
          },
          {
            "weight": 1,
            "structure": "birch_village_road2",
            "projection": "terrain_matching",
            "ignoredBlocks": []
          },
          {
            "weight": 2,
            "structure": "birch_village_road3",
            "projection": "terrain_matching",
            "ignoredBlocks": []
          }
        ]
      },
      {
        "poolName": "poles",
        "fallbackPool": "crafty_world:birch_village_poles",
        "poolParts": [
          {
            "weight": 2,
            "structure": "birch_village_pole",
            "projection": "rigid",
            "ignoredBlocks": []
          },
          {
            "weight": 1,
            "structure": "birch_village_pole2",
            "projection": "rigid",
            "ignoredBlocks": []
          }
        ]
      }
    ]
  }
}