{
  "_fv": 73,
  "_type": "feature",
  "definition": {
    "skipPlacement": false,
    "generationStep": "LAKES",
    "restrictionBiomes": [
      {
        "value": "CUSTOM:BirchPlains"
      },
      {
        "value": "CUSTOM:HugeCherriesTrees"
      }
    ],
    "featurexml": "<xml xmlns=\"https://developers.google.com/blockly/xml\"><block type=\"feature_container\" deletable=\"false\" x=\"40\" y=\"40\"><value name=\"feature\"><block type=\"feature_lake\"><value name=\"fluid\"><block type=\"blockstate_selector\"><mutation xmlns=\"http://www.w3.org/1999/xhtml\" inputs=\"0\"></mutation><field name=\"block\">Blocks.FLOWING_WATER</field></block></value><value name=\"border\"><block type=\"blockstate_selector\"><mutation xmlns=\"http://www.w3.org/1999/xhtml\" inputs=\"0\"></mutation><field name=\"block\">Blocks.STONE#0</field></block></value></block></value><next><block type=\"placement_biome_filter\"><next><block type=\"placement_rarity\"><field name=\"rarity\">10</field></block></next></block></next></block></xml>"
  }
}