{
  "_fv": 73,
  "_type": "biome",
  "definition": {
    "name": "Birch Plains",
    "groundBlock": {
      "value": "Blocks.GRASS"
    },
    "undergroundBlock": {
      "value": "Blocks.DIRT#0"
    },
    "underwaterBlock": {
      "value": "Blocks.SAND#0"
    },
    "grassColor": {
      "value": -9718681,
      "falpha": 0.0
    },
    "foliageColor": {
      "value": -14122443,
      "falpha": 0.0
    },
    "waterColor": {
      "value": -13421569,
      "falpha": 0.0
    },
    "waterFogColor": {
      "value": -13421569,
      "falpha": 0.0
    },
    "ambientSound": {
      "value": ""
    },
    "additionsSound": {
      "value": ""
    },
    "music": {
      "value": ""
    },
    "moodSound": {
      "value": ""
    },
    "moodSoundDelay": 6000,
    "spawnParticles": false,
    "particleToSpawn": {
      "value": "CUSTOM:CrystalBrightness"
    },
    "particlesProbability": 0.5,
    "rainingPossibility": 0.5,
    "temperature": 0.5,
    "spawnBiome": true,
    "spawnInCaves": false,
    "spawnBiomeNether": false,
    "genTemperature": {
      "min": -0.5,
      "max": 0.5
    },
    "genHumidity": {
      "min": -0.6,
      "max": 0.55
    },
    "genContinentalness": {
      "min": -0.1,
      "max": 0.6
    },
    "genErosion": {
      "min": -0.1,
      "max": 0.1
    },
    "genWeirdness": {
      "min": -1.0,
      "max": 1.0
    },
    "treesPerChunk": 2,
    "vanillaTreeType": "Birch trees",
    "treeType": 1,
    "minHeight": 7,
    "treeStem": {
      "value": "Blocks.LOG#2"
    },
    "treeBranch": {
      "value": "Blocks.LEAVES#2"
    },
    "treeVines": {
      "value": "Blocks.AIR"
    },
    "treeFruits": {
      "value": "Blocks.AIR"
    },
    "defaultFeatures": [
      "Caves",
      "Ores",
      "ForestGrass",
      "ForestFlowers",
      "PlainsTallGrass",
      "JungleGrass"
    ],
    "spawnStronghold": true,
    "spawnMineshaft": true,
    "spawnMineshaftMesa": false,
    "spawnPillagerOutpost": true,
    "villageType": "none",
    "spawnWoodlandMansion": false,
    "spawnJungleTemple": false,
    "spawnDesertPyramid": false,
    "spawnSwampHut": false,
    "spawnIgloo": false,
    "spawnOceanMonument": false,
    "spawnShipwreck": false,
    "spawnShipwreckBeached": false,
    "spawnBuriedTreasure": true,
    "oceanRuinType": "NONE",
    "spawnNetherBridge": false,
    "spawnNetherFossil": false,
    "spawnBastionRemnant": false,
    "spawnEndCity": false,
    "spawnRuinedPortal": "STANDARD",
    "spawnEntries": [
      {
        "entity": {
          "value": "EntityCow"
        },
        "minGroup": 1,
        "maxGroup": 3,
        "weight": 4,
        "spawnType": "creature"
      },
      {
        "entity": {
          "value": "EntitySheep"
        },
        "minGroup": 1,
        "maxGroup": 2,
        "weight": 2,
        "spawnType": "creature"
      },
      {
        "entity": {
          "value": "EntityBee"
        },
        "minGroup": 1,
        "maxGroup": 5,
        "weight": 1,
        "spawnType": "misc"
      }
    ]
  }
}