{
  "_fv": 73,
  "_type": "recipe",
  "definition": {
    "recipeType": "Crafting",
    "recipeRetstackSize": 1,
    "group": "",
    "cookingBookCategory": "MISC",
    "xpReward": 0.0,
    "cookingTime": 200,
    "craftingBookCategory": "REDSTONE",
    "recipeShapeless": false,
    "recipeSlots": [
      {
        "value": "Blocks.COBBLESTONE"
      },
      {
        "value": "Blocks.COBBLESTONE"
      },
      {
        "value": "Blocks.COBBLESTONE"
      },
      {
        "value": "Blocks.COBBLESTONE"
      },
      {
        "value": "Blocks.CRAFTING_TABLE"
      },
      {
        "value": "Blocks.DISPENSER"
      },
      {
        "value": "Items.IRON_INGOT"
      },
      {
        "value": "Items.IRON_INGOT"
      },
      {
        "value": "Items.IRON_INGOT"
      }
    ],
    "recipeReturnStack": {
      "value": "CUSTOM:BlockPlacer"
    },
    "name": "block_craft_placer",
    "namespace": "mod"
  }
}