{
  "_fv": 73,
  "_type": "recipe",
  "definition": {
    "recipeType": "Crafting",
    "recipeRetstackSize": 2,
    "group": "",
    "cookingBookCategory": "MISC",
    "xpReward": 0.0,
    "cookingTime": 200,
    "craftingBookCategory": "REDSTONE",
    "recipeShapeless": false,
    "recipeSlots": [
      {
        "value": "Blocks.STONE_PRESSURE_PLATE"
      },
      {
        "value": "Blocks.BRICK_BLOCK"
      },
      {
        "value": "Blocks.STONE_PRESSURE_PLATE"
      },
      {
        "value": "CUSTOM:SteelIngot"
      },
      {
        "value": "Blocks.BRICK_BLOCK"
      },
      {
        "value": "CUSTOM:SteelIngot"
      },
      {
        "value": "CUSTOM:SteelIngot"
      },
      {
        "value": "Blocks.PISTON"
      },
      {
        "value": "CUSTOM:SteelIngot"
      }
    ],
    "recipeReturnStack": {
      "value": "CUSTOM:BrickWallGenerator"
    },
    "name": "brick_wall_generating_craft",
    "namespace": "mod"
  }
}