{
  "_fv": 73,
  "_type": "fluid",
  "definition": {
    "name": "Celestial Water",
    "bucketName": "Celestial Water Bucket",
    "textureStill": "celestial_water",
    "textureFlowing": "flowing_celestialwater",
    "textureRenderOverlay": "",
    "hasFog": false,
    "fogStartDistance": {
      "fixedValue": 0.0
    },
    "fogEndDistance": {
      "fixedValue": 48.0
    },
    "tintType": "No tint",
    "canMultiply": true,
    "flowRate": 5,
    "levelDecrease": 1,
    "slopeFindDistance": 4,
    "spawnParticles": false,
    "dripParticle": {
      "value": "CUSTOM:CrystalBrightness"
    },
    "flowStrength": 1.0,
    "luminosity": 3,
    "density": 1000,
    "viscosity": 1000,
    "temperature": 300,
    "type": "WATER",
    "generateBucket": true,
    "textureBucket": "",
    "creativeTabs": [
      {
        "value": "CUSTOM:CraftyInterdimensional"
      }
    ],
    "emptySound": {
      "value": ""
    },
    "rarity": "COMMON",
    "specialInformation": {
      "fixedValue": []
    },
    "resistance": 100.0,
    "luminance": 3,
    "lightOpacity": 1,
    "emissiveRendering": false,
    "tickRate": 10,
    "flammability": 0,
    "fireSpreadSpeed": 0,
    "colorOnMap": "DEFAULT"
  }
}