{
  "_fv": 73,
  "_type": "dimension",
  "definition": {
    "biomesInDimension": [
      {
        "value": "CUSTOM:CelestialIslands"
      }
    ],
    "worldGenType": "End like gen",
    "mainFillerBlock": {
      "value": "CUSTOM:CelestialStone"
    },
    "fluidBlock": {
      "value": "CUSTOM:CelestialWater"
    },
    "seaLevel": 0,
    "generateOreVeins": false,
    "generateAquifers": false,
    "horizontalNoiseSize": 2,
    "verticalNoiseSize": 1,
    "defaultEffects": "overworld",
    "useCustomEffects": true,
    "hasClouds": false,
    "cloudHeight": 192.0,
    "skyType": "NONE",
    "sunHeightAffectsFog": false,
    "canRespawnHere": true,
    "hasFog": false,
    "ambientLight": 0.5,
    "doesWaterVaporize": false,
    "hasFixedTime": false,
    "fixedTimeValue": 0,
    "coordinateScale": 1.0,
    "infiniburnTag": "minecraft:infiniburn_overworld",
    "bedWorks": true,
    "hasSkyLight": true,
    "imitateOverworldBehaviour": false,
    "piglinSafe": true,
    "hasRaids": false,
    "minMonsterSpawnLightLimit": 0,
    "maxMonsterSpawnLightLimit": 7,
    "monsterSpawnBlockLightLimit": 0,
    "portalFrame": {
      "value": "CUSTOM:CelestialGate"
    },
    "portalParticles": {
      "value": "CLOUD"
    },
    "portalLuminance": 15,
    "portalSound": {
      "value": "block.portal.ambient"
    },
    "enableIgniter": true,
    "igniterName": "Celestial Cloud",
    "igniterRarity": "COMMON",
    "specialInformation": {
      "fixedValue": []
    },
    "creativeTabs": [
      {
        "value": "CUSTOM:CraftyUtilities"
      }
    ],
    "texture": "amazing_cloud",
    "portalTexture": "celestialportal",
    "enablePortal": true
  }
}