{
  "_fv": 73,
  "_type": "recipe",
  "definition": {
    "recipeType": "Crafting",
    "recipeRetstackSize": 3,
    "group": "wooden_fence",
    "cookingBookCategory": "MISC",
    "xpReward": 0.0,
    "cookingTime": 200,
    "craftingBookCategory": "MISC",
    "recipeShapeless": false,
    "recipeSlots": [
      {
        "value": ""
      },
      {
        "value": ""
      },
      {
        "value": ""
      },
      {
        "value": "CUSTOM:CelestialWoodPlanks"
      },
      {
        "value": "Items.STICK"
      },
      {
        "value": "CUSTOM:CelestialWoodPlanks"
      },
      {
        "value": "CUSTOM:CelestialWoodPlanks"
      },
      {
        "value": "Items.STICK"
      },
      {
        "value": "CUSTOM:CelestialWoodPlanks"
      }
    ],
    "recipeReturnStack": {
      "value": "CUSTOM:CelestialWoodFence"
    },
    "name": "celestial_wood_fence_recipe",
    "namespace": "mod"
  }
}