{
  "_fv": 73,
  "_type": "tool",
  "definition": {
    "toolType": "Sword",
    "renderType": 0,
    "blockingRenderType": 0,
    "texture": "celestinittools_sword",
    "customModelName": "Normal",
    "blockingModelName": "Normal blocking",
    "name": "Celestinit Sword",
    "specialInformation": {
      "fixedValue": []
    },
    "creativeTabs": [
      {
        "value": "CUSTOM:CraftyTools"
      }
    ],
    "efficiency": 5.0,
    "attackSpeed": 1.0,
    "enchantability": 63,
    "damageVsEntity": 8.7,
    "usageCount": 2053,
    "glowCondition": {
      "fixedValue": false
    },
    "repairItems": [
      {
        "value": "CUSTOM:Celestinit"
      }
    ],
    "immuneToFire": false,
    "blockDropsTier": "NETHERITE",
    "blocksAffected": [],
    "stayInGridWhenCrafting": false,
    "damageOnCrafting": false
  }
}