{
  "_fv": 73,
  "_type": "recipe",
  "definition": {
    "recipeType": "Stone cutting",
    "recipeRetstackSize": 1,
    "group": "",
    "cookingBookCategory": "MISC",
    "xpReward": 0.0,
    "cookingTime": 200,
    "craftingBookCategory": "MISC",
    "recipeShapeless": false,
    "stoneCuttingInputStack": {
      "value": "CUSTOM:SkyniaBricks"
    },
    "stoneCuttingReturnStack": {
      "value": "CUSTOM:ChiseledSkyniaBricks"
    },
    "name": "chiseled_skynia_craft",
    "namespace": "mod"
  }
}