{
  "_fv": 73,
  "_type": "gui",
  "definition": {
    "type": 1,
    "width": 176,
    "height": 166,
    "inventoryOffsetX": 0,
    "inventoryOffsetY": 0,
    "renderBgLayer": true,
    "doesPauseGame": false,
    "components": [
      {
        "type": "inputslot",
        "data": {
          "inputLimit": {
            "value": "Items.REDSTONE"
          },
          "disablePlacement": {
            "fixedValue": false
          },
          "color": {
            "value": -24673,
            "falpha": 0.0
          },
          "id": 1,
          "disablePickup": {
            "fixedValue": false
          },
          "dropItemsWhenNotBound": true,
          "x": 141,
          "y": 62,
          "locked": false
        }
      },
      {
        "type": "inputslot",
        "data": {
          "inputLimit": {
            "value": "Items.REDSTONE"
          },
          "disablePlacement": {
            "fixedValue": false
          },
          "color": {
            "value": -29813,
            "falpha": 0.0
          },
          "id": 2,
          "disablePickup": {
            "fixedValue": false
          },
          "dropItemsWhenNotBound": true,
          "x": 159,
          "y": 62,
          "locked": false
        }
      },
      {
        "type": "inputslot",
        "data": {
          "inputLimit": {
            "value": "Items.REDSTONE"
          },
          "disablePlacement": {
            "fixedValue": false
          },
          "color": {
            "value": -35981,
            "falpha": 0.0
          },
          "id": 3,
          "disablePickup": {
            "fixedValue": false
          },
          "dropItemsWhenNotBound": true,
          "x": 177,
          "y": 62,
          "locked": false
        }
      },
      {
        "type": "inputslot",
        "data": {
          "inputLimit": {
            "value": "Items.REDSTONE"
          },
          "disablePlacement": {
            "fixedValue": false
          },
          "color": {
            "value": -40093,
            "falpha": 0.0
          },
          "id": 4,
          "disablePickup": {
            "fixedValue": false
          },
          "dropItemsWhenNotBound": true,
          "x": 195,
          "y": 62,
          "locked": false
        }
      },
      {
        "type": "inputslot",
        "data": {
          "inputLimit": {
            "value": "Items.REDSTONE"
          },
          "disablePlacement": {
            "fixedValue": false
          },
          "color": {
            "value": -43691,
            "falpha": 0.0
          },
          "id": 5,
          "disablePickup": {
            "fixedValue": false
          },
          "dropItemsWhenNotBound": true,
          "x": 213,
          "y": 62,
          "locked": false
        }
      },
      {
        "type": "inputslot",
        "data": {
          "inputLimit": {
            "value": "Items.REDSTONE"
          },
          "disablePlacement": {
            "fixedValue": false
          },
          "color": {
            "value": -47032,
            "falpha": 0.0
          },
          "id": 6,
          "disablePickup": {
            "fixedValue": false
          },
          "dropItemsWhenNotBound": true,
          "x": 231,
          "y": 62,
          "locked": false
        }
      },
      {
        "type": "inputslot",
        "data": {
          "inputLimit": {
            "value": "Items.REDSTONE"
          },
          "disablePlacement": {
            "fixedValue": false
          },
          "color": {
            "value": -49602,
            "falpha": 0.0
          },
          "id": 7,
          "disablePickup": {
            "fixedValue": false
          },
          "dropItemsWhenNotBound": true,
          "x": 249,
          "y": 62,
          "locked": false
        }
      },
      {
        "type": "inputslot",
        "data": {
          "inputLimit": {
            "value": "Items.REDSTONE"
          },
          "disablePlacement": {
            "fixedValue": false
          },
          "color": {
            "value": -55513,
            "falpha": 0.0
          },
          "id": 8,
          "disablePickup": {
            "fixedValue": false
          },
          "dropItemsWhenNotBound": true,
          "x": 267,
          "y": 62,
          "locked": false
        }
      },
      {
        "type": "label",
        "data": {
          "name": "label_2",
          "text": {
            "fixedValue": "1--3--5--7--9--11--13--15"
          },
          "color": {
            "value": -65536,
            "falpha": 0.0
          },
          "x": 147,
          "y": 52,
          "locked": false
        }
      },
      {
        "type": "label",
        "data": {
          "name": "label_place_redstone_in_the_slot_do_yo",
          "text": {
            "fixedValue": "place redstones from the fist slot to the slot of power do you want"
          },
          "color": {
            "value": -7143424,
            "falpha": 0.0
          },
          "x": 42,
          "y": 206,
          "locked": false
        }
      },
      {
        "type": "imagebutton",
        "data": {
          "name": "imagebutton_use_redstone",
          "image": "use_redstone.png",
          "hoveredImage": "using_redstone.png",
          "onClick": {
            "name": "RedstoneControllerSettings"
          },
          "x": 204,
          "y": 89,
          "locked": false
        }
      }
    ],
    "gridSettings": {
      "sx": 18,
      "sy": 18,
      "ox": 11,
      "oy": 15,
      "snapOnGrid": true
    }
  }
}