{
  "_fv": 73,
  "_type": "gui",
  "definition": {
    "type": 1,
    "width": 176,
    "height": 166,
    "inventoryOffsetX": 0,
    "inventoryOffsetY": 0,
    "renderBgLayer": true,
    "doesPauseGame": false,
    "components": [
      {
        "type": "inputslot",
        "data": {
          "inputLimit": {
            "value": "Items.GUNPOWDER"
          },
          "disablePlacement": {
            "fixedValue": false
          },
          "color": {
            "value": -6710887,
            "falpha": 0.0
          },
          "id": 1,
          "disablePickup": {
            "fixedValue": false
          },
          "dropItemsWhenNotBound": true,
          "x": 141,
          "y": 62,
          "locked": false
        }
      },
      {
        "type": "inputslot",
        "data": {
          "inputLimit": {
            "value": "Items.GUNPOWDER"
          },
          "disablePlacement": {
            "fixedValue": false
          },
          "color": {
            "value": -7697782,
            "falpha": 0.0
          },
          "id": 2,
          "disablePickup": {
            "fixedValue": false
          },
          "dropItemsWhenNotBound": true,
          "x": 159,
          "y": 62,
          "locked": false
        }
      },
      {
        "type": "inputslot",
        "data": {
          "inputLimit": {
            "value": "Items.GUNPOWDER"
          },
          "disablePlacement": {
            "fixedValue": false
          },
          "color": {
            "value": -8882056,
            "falpha": 0.0
          },
          "id": 3,
          "disablePickup": {
            "fixedValue": false
          },
          "dropItemsWhenNotBound": true,
          "x": 177,
          "y": 62,
          "locked": false
        }
      },
      {
        "type": "inputslot",
        "data": {
          "inputLimit": {
            "value": "Items.GUNPOWDER"
          },
          "disablePlacement": {
            "fixedValue": false
          },
          "color": {
            "value": -11447983,
            "falpha": 0.0
          },
          "id": 4,
          "disablePickup": {
            "fixedValue": false
          },
          "dropItemsWhenNotBound": true,
          "x": 195,
          "y": 62,
          "locked": false
        }
      },
      {
        "type": "inputslot",
        "data": {
          "inputLimit": {
            "value": "Items.GUNPOWDER"
          },
          "disablePlacement": {
            "fixedValue": false
          },
          "color": {
            "value": -13027015,
            "falpha": 0.0
          },
          "id": 5,
          "disablePickup": {
            "fixedValue": false
          },
          "dropItemsWhenNotBound": true,
          "x": 213,
          "y": 62,
          "locked": false
        }
      },
      {
        "type": "inputslot",
        "data": {
          "inputLimit": {
            "value": "Items.GUNPOWDER"
          },
          "disablePlacement": {
            "fixedValue": false
          },
          "color": {
            "value": -14408668,
            "falpha": 0.0
          },
          "id": 6,
          "disablePickup": {
            "fixedValue": false
          },
          "dropItemsWhenNotBound": true,
          "x": 231,
          "y": 62,
          "locked": false
        }
      },
      {
        "type": "inputslot",
        "data": {
          "inputLimit": {
            "value": "Items.GUNPOWDER"
          },
          "disablePlacement": {
            "fixedValue": false
          },
          "color": {
            "value": -14935012,
            "falpha": 0.0
          },
          "id": 7,
          "disablePickup": {
            "fixedValue": false
          },
          "dropItemsWhenNotBound": true,
          "x": 249,
          "y": 62,
          "locked": false
        }
      },
      {
        "type": "inputslot",
        "data": {
          "inputLimit": {
            "value": "Items.GUNPOWDER"
          },
          "disablePlacement": {
            "fixedValue": false
          },
          "color": {
            "value": -16448251,
            "falpha": 0.0
          },
          "id": 8,
          "disablePickup": {
            "fixedValue": false
          },
          "dropItemsWhenNotBound": true,
          "x": 267,
          "y": 62,
          "locked": false
        }
      },
      {
        "type": "label",
        "data": {
          "name": "label_2",
          "text": {
            "fixedValue": "1--3--5--7--9--11--13--15"
          },
          "color": {
            "value": -12171706,
            "falpha": 0.0
          },
          "x": 147,
          "y": 52,
          "locked": false
        }
      },
      {
        "type": "label",
        "data": {
          "name": "label_place_redstone_in_the_slot_do_yo",
          "text": {
            "fixedValue": "place gunpowders from the fist slot to the slot of power do you want"
          },
          "color": {
            "value": -7143424,
            "falpha": 0.0
          },
          "x": 42,
          "y": 206,
          "locked": false
        }
      },
      {
        "type": "label",
        "data": {
          "name": "label_power_by_redstone",
          "text": {
            "fixedValue": "Power By Redstone"
          },
          "color": {
            "value": -12829636,
            "falpha": 0.0
          },
          "x": 168,
          "y": 89,
          "locked": false
        }
      }
    ],
    "gridSettings": {
      "sx": 18,
      "sy": 18,
      "ox": 11,
      "oy": 15,
      "snapOnGrid": true
    }
  }
}