{
  "_fv": 73,
  "_type": "gui",
  "definition": {
    "type": 0,
    "width": 408,
    "height": 237,
    "inventoryOffsetX": 0,
    "inventoryOffsetY": 0,
    "renderBgLayer": true,
    "doesPauseGame": false,
    "components": [
      {
        "type": "image",
        "data": {
          "image": "wood_background.png",
          "use1Xscale": false,
          "x": 13,
          "y": 6,
          "locked": false
        }
      },
      {
        "type": "label",
        "data": {
          "name": "label_crafty_wiki",
          "text": {
            "fixedValue": "CRAFTY WIKI - Itens"
          },
          "color": {
            "value": -1,
            "falpha": 0.0
          },
          "x": 32,
          "y": 14,
          "locked": false
        }
      },
      {
        "type": "label",
        "data": {
          "name": "label_empty",
          "text": {
            "fixedValue": "_____________________________________________________________________"
          },
          "color": {
            "value": -1,
            "falpha": 0.0
          },
          "x": 30,
          "y": 24,
          "locked": false
        }
      },
      {
        "type": "button",
        "data": {
          "name": "button_crafty_world_wiki_website",
          "text": "More in Crafty World website",
          "isUndecorated": true,
          "onClick": {
            "name": "CraftyWorldOfficialWebsite"
          },
          "width": 155,
          "height": 20,
          "x": 253,
          "y": 209,
          "locked": false
        }
      },
      {
        "type": "image",
        "data": {
          "image": "ender_teleporter.png",
          "use1Xscale": false,
          "x": 236,
          "y": 207,
          "locked": false
        }
      },
      {
        "type": "label",
        "data": {
          "name": "label_nature_blocks",
          "text": {
            "fixedValue": "Nature Itens"
          },
          "color": {
            "value": -16711936,
            "falpha": 0.0
          },
          "x": 16,
          "y": 40,
          "locked": false
        }
      },
      {
        "type": "label",
        "data": {
          "name": "label_functional_blocks",
          "text": {
            "fixedValue": "Tools"
          },
          "color": {
            "value": -52429,
            "falpha": 0.0
          },
          "x": 15,
          "y": 83,
          "locked": false
        }
      },
      {
        "type": "label",
        "data": {
          "name": "label_special_blocks",
          "text": {
            "fixedValue": "Useful itens"
          },
          "color": {
            "value": -16750900,
            "falpha": 0.0
          },
          "x": 16,
          "y": 142,
          "locked": false
        }
      },
      {
        "type": "label",
        "data": {
          "name": "label_plants_are_very_common_in_crafty",
          "text": {
            "fixedValue": "Plants are very common in Crafty World"
          },
          "color": {
            "value": -1,
            "falpha": 0.0
          },
          "x": 16,
          "y": 53,
          "locked": false
        }
      },
      {
        "type": "label",
        "data": {
          "name": "label_some_can_help_you_or_just_do_not",
          "text": {
            "fixedValue": "Some can help you or just do nothing, so try them"
          },
          "color": {
            "value": -1,
            "falpha": 0.0
          },
          "x": 16,
          "y": 66,
          "locked": false
        }
      },
      {
        "type": "label",
        "data": {
          "name": "label_crafty_world_has_ores_and_much",
          "text": {
            "fixedValue": "Crafty World has ores, and a big part of them can be used to craft tools"
          },
          "color": {
            "value": -1,
            "falpha": 0.0
          },
          "x": 15,
          "y": 98,
          "locked": false
        }
      },
      {
        "type": "label",
        "data": {
          "name": "label_special_ores_can_have_different",
          "text": {
            "fixedValue": "Special ores can have different tools with different efficiency"
          },
          "color": {
            "value": -1,
            "falpha": 0.0
          },
          "x": 15,
          "y": 112,
          "locked": false
        }
      },
      {
        "type": "label",
        "data": {
          "name": "label_good_luck_mining",
          "text": {
            "fixedValue": "Good luck mining!"
          },
          "color": {
            "value": -1,
            "falpha": 0.0
          },
          "x": 15,
          "y": 126,
          "locked": false
        }
      },
      {
        "type": "label",
        "data": {
          "name": "label_some_itens_are_not_tools_but_th",
          "text": {
            "fixedValue": "Some itens are not tools, but they can do things that can help"
          },
          "color": {
            "value": -1,
            "falpha": 0.0
          },
          "x": 16,
          "y": 155,
          "locked": false
        }
      },
      {
        "type": "label",
        "data": {
          "name": "label_some_itens_can_help_you_explore",
          "text": {
            "fixedValue": "Some itens can help you explore or interact with blocks to do things"
          },
          "color": {
            "value": -1,
            "falpha": 0.0
          },
          "x": 16,
          "y": 167,
          "locked": false
        }
      },
      {
        "type": "label",
        "data": {
          "name": "label_in_the_world_or_even_protect_you",
          "text": {
            "fixedValue": "in the world or even protect your treasures"
          },
          "color": {
            "value": -1,
            "falpha": 0.0
          },
          "x": 16,
          "y": 179,
          "locked": false
        }
      },
      {
        "type": "button",
        "data": {
          "name": "button_empty",
          "text": "<-",
          "isUndecorated": true,
          "onClick": {
            "name": "CloseWiki"
          },
          "width": 35,
          "height": 20,
          "x": 15,
          "y": 7,
          "locked": false
        }
      }
    ],
    "gridSettings": {
      "sx": 18,
      "sy": 18,
      "ox": 11,
      "oy": 15,
      "snapOnGrid": false
    }
  }
}