{
  "_fv": 73,
  "_type": "recipe",
  "definition": {
    "recipeType": "Crafting",
    "recipeRetstackSize": 1,
    "group": "",
    "cookingBookCategory": "MISC",
    "xpReward": 0.0,
    "cookingTime": 200,
    "craftingBookCategory": "BUILDING",
    "recipeShapeless": false,
    "recipeSlots": [
      {
        "value": "CUSTOM:CrafterionIngot"
      },
      {
        "value": "CUSTOM:CrafterionIngot"
      },
      {
        "value": "CUSTOM:CrafterionIngot"
      },
      {
        "value": "CUSTOM:CrafterionIngot"
      },
      {
        "value": "CUSTOM:CrafterionIngot"
      },
      {
        "value": "CUSTOM:CrafterionIngot"
      },
      {
        "value": "CUSTOM:CrafterionIngot"
      },
      {
        "value": "CUSTOM:CrafterionIngot"
      },
      {
        "value": "CUSTOM:CrafterionIngot"
      }
    ],
    "recipeReturnStack": {
      "value": "CUSTOM:CrafterionBlock"
    },
    "name": "crafterion_block_craft",
    "namespace": "mod"
  }
}