{
  "_fv": 73,
  "_type": "achievement",
  "definition": {
    "achievementName": "Crafting A World",
    "achievementDescription": "Start a crafty world!",
    "achievementIcon": {
      "value": "CUSTOM:EternalGrass"
    },
    "background": "craftywood.png",
    "disableDisplay": false,
    "showPopup": true,
    "announceToChat": true,
    "hideIfNotCompleted": false,
    "rewardLoot": [],
    "rewardRecipes": [],
    "rewardXP": 0,
    "achievementType": "task",
    "parent": {
      "value": "No parent: root"
    },
    "triggerxml": "<xml xmlns=\"https://developers.google.com/blockly/xml\"><block type=\"advancement_trigger\" deletable=\"false\" x=\"40\" y=\"80\"><next><block type=\"tick\"></block></next></block></xml>"
  }
}