{
  "_fv": 73,
  "_type": "gui",
  "definition": {
    "type": 0,
    "width": 408,
    "height": 237,
    "inventoryOffsetX": 0,
    "inventoryOffsetY": 0,
    "renderBgLayer": true,
    "doesPauseGame": false,
    "components": [
      {
        "type": "image",
        "data": {
          "image": "wood_background.png",
          "use1Xscale": false,
          "x": 13,
          "y": 6,
          "locked": false
        }
      },
      {
        "type": "label",
        "data": {
          "name": "label_crafty_wiki",
          "text": {
            "fixedValue": "CRAFTY WIKI - World"
          },
          "color": {
            "value": -1,
            "falpha": 0.0
          },
          "x": 32,
          "y": 14,
          "locked": false
        }
      },
      {
        "type": "label",
        "data": {
          "name": "label_empty",
          "text": {
            "fixedValue": "_____________________________________________________________________"
          },
          "color": {
            "value": -1,
            "falpha": 0.0
          },
          "x": 30,
          "y": 24,
          "locked": false
        }
      },
      {
        "type": "button",
        "data": {
          "name": "button_crafty_world_wiki_website",
          "text": "More in Crafty World website",
          "isUndecorated": true,
          "onClick": {
            "name": "CraftyWorldOfficialWebsite"
          },
          "width": 155,
          "height": 20,
          "x": 253,
          "y": 209,
          "locked": false
        }
      },
      {
        "type": "image",
        "data": {
          "image": "ender_teleporter.png",
          "use1Xscale": false,
          "x": 236,
          "y": 207,
          "locked": false
        }
      },
      {
        "type": "label",
        "data": {
          "name": "label_nature_blocks",
          "text": {
            "fixedValue": "Biomes"
          },
          "color": {
            "value": -16711936,
            "falpha": 0.0
          },
          "x": 16,
          "y": 40,
          "locked": false
        }
      },
      {
        "type": "label",
        "data": {
          "name": "label_special_blocks",
          "text": {
            "fixedValue": "Dimensions"
          },
          "color": {
            "value": -3407719,
            "falpha": 0.0
          },
          "x": 17,
          "y": 96,
          "locked": false
        }
      },
      {
        "type": "label",
        "data": {
          "name": "label_crafty_world_extends_your_advent",
          "text": {
            "fixedValue": "Crafty World extends your adventure adding biomes to vanilla dimensions"
          },
          "color": {
            "value": -1,
            "falpha": 0.0
          },
          "x": 16,
          "y": 52,
          "locked": false
        }
      },
      {
        "type": "label",
        "data": {
          "name": "label_this_biomes_can_be_sparse_or_ver",
          "text": {
            "fixedValue": "This biomes can be sparse or very full of things, so, explore more your"
          },
          "color": {
            "value": -1,
            "falpha": 0.0
          },
          "x": 16,
          "y": 65,
          "locked": false
        }
      },
      {
        "type": "label",
        "data": {
          "name": "label_world_it_is_really_big_and_has",
          "text": {
            "fixedValue": "world, it is really big and has a lot of surprises, huh?"
          },
          "color": {
            "value": -1,
            "falpha": 0.0
          },
          "x": 17,
          "y": 78,
          "locked": false
        }
      },
      {
        "type": "label",
        "data": {
          "name": "label_crafty_world_improve_vanilla_dim",
          "text": {
            "fixedValue": "Crafty world improve vanilla dimensions and add a lot of experience in"
          },
          "color": {
            "value": -1,
            "falpha": 0.0
          },
          "x": 15,
          "y": 107,
          "locked": false
        }
      },
      {
        "type": "label",
        "data": {
          "name": "label_new_dimensions",
          "text": {
            "fixedValue": "new dimensions"
          },
          "color": {
            "value": -1,
            "falpha": 0.0
          },
          "x": 15,
          "y": 118,
          "locked": false
        }
      },
      {
        "type": "label",
        "data": {
          "name": "label_some_are_simple_with_a_great_na",
          "text": {
            "fixedValue": "Some are simple, with a great nature, others are mysterious with things we"
          },
          "color": {
            "value": -1,
            "falpha": 0.0
          },
          "x": 15,
          "y": 130,
          "locked": false
        }
      },
      {
        "type": "label",
        "data": {
          "name": "label_can_not_understand",
          "text": {
            "fixedValue": "can not understand"
          },
          "color": {
            "value": -1,
            "falpha": 0.0
          },
          "x": 15,
          "y": 142,
          "locked": false
        }
      },
      {
        "type": "button",
        "data": {
          "name": "button_empty",
          "text": "<-",
          "isUndecorated": true,
          "onClick": {
            "name": "CloseWiki"
          },
          "width": 35,
          "height": 20,
          "x": 15,
          "y": 8,
          "locked": false
        }
      }
    ],
    "gridSettings": {
      "sx": 18,
      "sy": 18,
      "ox": 11,
      "oy": 15,
      "snapOnGrid": false
    }
  }
}