{
  "_fv": 73,
  "_type": "gui",
  "definition": {
    "type": 0,
    "width": 408,
    "height": 237,
    "inventoryOffsetX": 0,
    "inventoryOffsetY": 0,
    "renderBgLayer": true,
    "doesPauseGame": false,
    "components": [
      {
        "type": "image",
        "data": {
          "image": "wood_background.png",
          "use1Xscale": false,
          "x": 13,
          "y": 6,
          "locked": false
        }
      },
      {
        "type": "label",
        "data": {
          "name": "label_crafty_wiki",
          "text": {
            "fixedValue": "CRAFTY WIKI - Blocks"
          },
          "color": {
            "value": -1,
            "falpha": 0.0
          },
          "x": 32,
          "y": 14,
          "locked": false
        }
      },
      {
        "type": "label",
        "data": {
          "name": "label_empty",
          "text": {
            "fixedValue": "_____________________________________________________________________"
          },
          "color": {
            "value": -1,
            "falpha": 0.0
          },
          "x": 30,
          "y": 24,
          "locked": false
        }
      },
      {
        "type": "button",
        "data": {
          "name": "button_crafty_world_wiki_website",
          "text": "More in Crafty World website",
          "isUndecorated": true,
          "onClick": {
            "name": "CraftyWorldOfficialWebsite"
          },
          "width": 155,
          "height": 20,
          "x": 253,
          "y": 209,
          "locked": false
        }
      },
      {
        "type": "image",
        "data": {
          "image": "ender_teleporter.png",
          "use1Xscale": false,
          "x": 236,
          "y": 207,
          "locked": false
        }
      },
      {
        "type": "label",
        "data": {
          "name": "label_nature_blocks",
          "text": {
            "fixedValue": "Nature Blocks"
          },
          "color": {
            "value": -16711936,
            "falpha": 0.0
          },
          "x": 16,
          "y": 40,
          "locked": false
        }
      },
      {
        "type": "label",
        "data": {
          "name": "label_you_may_found_biomes_and_caves_w",
          "text": {
            "fixedValue": "You may found biomes and caves with a big variation of blocks"
          },
          "color": {
            "value": -1,
            "falpha": 0.0
          },
          "x": 17,
          "y": 54,
          "locked": false
        }
      },
      {
        "type": "label",
        "data": {
          "name": "label_most_of_them_are_inofensive_but",
          "text": {
            "fixedValue": "Most of them are inoffensive, but some can be dangerous or can be essential"
          },
          "color": {
            "value": -1,
            "falpha": 0.0
          },
          "x": 18,
          "y": 67,
          "locked": false
        }
      },
      {
        "type": "label",
        "data": {
          "name": "label_to_your_journay_in_crafty_world",
          "text": {
            "fixedValue": "to your journay in Crafty World"
          },
          "color": {
            "value": -1,
            "falpha": 0.0
          },
          "x": 17,
          "y": 81,
          "locked": false
        }
      },
      {
        "type": "label",
        "data": {
          "name": "label_functional_blocks",
          "text": {
            "fixedValue": "Functional Blocks"
          },
          "color": {
            "value": -52429,
            "falpha": 0.0
          },
          "x": 16,
          "y": 98,
          "locked": false
        }
      },
      {
        "type": "label",
        "data": {
          "name": "label_crafty_world_is_full_of_redstone",
          "text": {
            "fixedValue": "Crafty World is full of redstone things"
          },
          "color": {
            "value": -1,
            "falpha": 0.0
          },
          "x": 16,
          "y": 111,
          "locked": false
        }
      },
      {
        "type": "label",
        "data": {
          "name": "label_builder_you_should_use_them_in",
          "text": {
            "fixedValue": "Builder, you should use them in your builds, they are very useful"
          },
          "color": {
            "value": -1,
            "falpha": 0.0
          },
          "x": 16,
          "y": 125,
          "locked": false
        }
      },
      {
        "type": "label",
        "data": {
          "name": "label_they_can_help_you_transporting_b",
          "text": {
            "fixedValue": "They can help you transporting blocks and changing their state"
          },
          "color": {
            "value": -1,
            "falpha": 0.0
          },
          "x": 16,
          "y": 138,
          "locked": false
        }
      },
      {
        "type": "label",
        "data": {
          "name": "label_special_blocks",
          "text": {
            "fixedValue": "Special Blocks"
          },
          "color": {
            "value": -16750900,
            "falpha": 0.0
          },
          "x": 17,
          "y": 154,
          "locked": false
        }
      },
      {
        "type": "label",
        "data": {
          "name": "label_this_blocks_are_special_because",
          "text": {
            "fixedValue": "This blocks are special, because they can do things by their own"
          },
          "color": {
            "value": -1,
            "falpha": 0.0
          },
          "x": 17,
          "y": 168,
          "locked": false
        }
      },
      {
        "type": "label",
        "data": {
          "name": "label_they_are_rare_but_can_protect_th",
          "text": {
            "fixedValue": "They are rare but can protect the player or cause problem to you"
          },
          "color": {
            "value": -1,
            "falpha": 0.0
          },
          "x": 19,
          "y": 181,
          "locked": false
        }
      },
      {
        "type": "button",
        "data": {
          "name": "button_empty",
          "text": "<-",
          "isUndecorated": true,
          "onClick": {
            "name": "CloseWiki"
          },
          "width": 35,
          "height": 20,
          "x": 15,
          "y": 7,
          "locked": false
        }
      }
    ],
    "gridSettings": {
      "sx": 18,
      "sy": 18,
      "ox": 11,
      "oy": 15,
      "snapOnGrid": false
    }
  }
}