{
  "_fv": 73,
  "_type": "recipe",
  "definition": {
    "recipeType": "Crafting",
    "recipeRetstackSize": 3,
    "group": "",
    "cookingBookCategory": "MISC",
    "xpReward": 0.0,
    "cookingTime": 200,
    "craftingBookCategory": "MISC",
    "recipeShapeless": false,
    "recipeSlots": [
      {
        "value": "CUSTOM:Craftness_WoodLog"
      },
      {
        "value": "CUSTOM:Craftness_WoodLog"
      },
      {
        "value": ""
      },
      {
        "value": "CUSTOM:Craftness_WoodLog"
      },
      {
        "value": "CUSTOM:Craftness_WoodLog"
      },
      {
        "value": ""
      },
      {
        "value": ""
      },
      {
        "value": ""
      },
      {
        "value": ""
      }
    ],
    "recipeReturnStack": {
      "value": "CUSTOM:Craftness_WoodWood"
    },
    "name": "craftness_wood_wood_recipe",
    "namespace": "mod"
  }
}