{
  "_fv": 73,
  "_type": "achievement",
  "definition": {
    "achievementName": "Knowledge is everything",
    "achievementDescription": "Explore Crafty World wiki",
    "achievementIcon": {
      "value": "CUSTOM:CraftyGuide"
    },
    "background": "Default",
    "disableDisplay": false,
    "showPopup": true,
    "announceToChat": false,
    "hideIfNotCompleted": false,
    "rewardLoot": [],
    "rewardRecipes": [],
    "rewardXP": 0,
    "achievementType": "task",
    "parent": {
      "value": "CUSTOM:CraftingAWorld"
    },
    "triggerxml": "<xml xmlns=\"https://developers.google.com/blockly/xml\"><block type=\"advancement_trigger\" deletable=\"false\" x=\"40\" y=\"80\"><next><block type=\"custom_trigger\"></block></next></block></xml>"
  }
}