{
  "_fv": 73,
  "_type": "recipe",
  "definition": {
    "recipeType": "Crafting",
    "recipeRetstackSize": 3,
    "group": "",
    "cookingBookCategory": "MISC",
    "xpReward": 0.0,
    "cookingTime": 200,
    "craftingBookCategory": "BUILDING",
    "recipeShapeless": false,
    "recipeSlots": [
      {
        "value": "Blocks.GLASS"
      },
      {
        "value": "Blocks.GLASS"
      },
      {
        "value": ""
      },
      {
        "value": "Blocks.GLASS"
      },
      {
        "value": "Blocks.GLASS"
      },
      {
        "value": ""
      },
      {
        "value": "Blocks.GLASS"
      },
      {
        "value": "Blocks.GLASS"
      },
      {
        "value": ""
      }
    ],
    "recipeReturnStack": {
      "value": "CUSTOM:GlassDoor"
    },
    "name": "crafting_glass_door",
    "namespace": "mod"
  }
}