{
  "_fv": 73,
  "_type": "gui",
  "definition": {
    "type": 0,
    "width": 176,
    "height": 166,
    "inventoryOffsetX": 0,
    "inventoryOffsetY": 0,
    "renderBgLayer": false,
    "doesPauseGame": true,
    "components": [
      {
        "type": "label",
        "data": {
          "name": "label_creative_control_ui",
          "text": {
            "fixedValue": "creative control ui"
          },
          "color": {
            "value": -16750849,
            "falpha": 0.0
          },
          "x": 168,
          "y": -1,
          "locked": false
        }
      },
      {
        "type": "button",
        "data": {
          "name": "button_set_time_to_day",
          "text": "Set time to day",
          "isUndecorated": false,
          "onClick": {
            "name": "WeatherControlDay"
          },
          "width": 103,
          "height": 20,
          "x": 24,
          "y": 35,
          "locked": false
        }
      },
      {
        "type": "button",
        "data": {
          "name": "button_set_time_to_night",
          "text": "Set time to night",
          "isUndecorated": false,
          "onClick": {
            "name": "WeatherControlNight"
          },
          "width": 113,
          "height": 20,
          "x": 150,
          "y": 35,
          "locked": false
        }
      },
      {
        "type": "button",
        "data": {
          "name": "button_set_weathe_to_rain",
          "text": "Set weather to rain",
          "isUndecorated": false,
          "onClick": {
            "name": "WeatherControlRain"
          },
          "width": 118,
          "height": 20,
          "x": 285,
          "y": 35,
          "locked": false
        }
      },
      {
        "type": "button",
        "data": {
          "name": "button_set_weather_to_clear",
          "text": "Set weather to clear",
          "isUndecorated": false,
          "onClick": {
            "name": "WeatherControlClear"
          },
          "width": 129,
          "height": 20,
          "x": 141,
          "y": 62,
          "locked": false
        }
      },
      {
        "type": "label",
        "data": {
          "name": "label_empty",
          "text": {
            "fixedValue": "____________________________________________________________________________________________________________________________________________________________"
          },
          "color": {
            "value": -16750849,
            "falpha": 0.0
          },
          "x": -30,
          "y": 80,
          "locked": false
        }
      },
      {
        "type": "button",
        "data": {
          "name": "button_open_the_crafty_world_guide",
          "text": "Open the Crafty World guide",
          "isUndecorated": false,
          "onClick": {
            "name": "CraftyGuideOpen"
          },
          "width": 165,
          "height": 20,
          "x": 132,
          "y": 188,
          "locked": false
        }
      },
      {
        "type": "label",
        "data": {
          "name": "label_empty1",
          "text": {
            "fixedValue": "_____________________________________________________________________________________"
          },
          "color": {
            "value": -3407617,
            "falpha": 0.0
          },
          "x": -12,
          "y": 152,
          "locked": false
        }
      },
      {
        "type": "button",
        "data": {
          "name": "button_set_gamemode_to_survival",
          "text": "Set gamemode to survival",
          "isUndecorated": false,
          "onClick": {
            "name": "SetGameSurvival"
          },
          "width": 150,
          "height": 20,
          "x": 24,
          "y": 116,
          "locked": false
        }
      },
      {
        "type": "button",
        "data": {
          "name": "button_set_gamemode_to_adventure",
          "text": "Set gamemode to spectator",
          "isUndecorated": false,
          "onClick": {
            "name": "SetGameSpectator"
          },
          "width": 155,
          "height": 20,
          "x": 249,
          "y": 116,
          "locked": false
        }
      }
    ],
    "gridSettings": {
      "sx": 18,
      "sy": 18,
      "ox": 11,
      "oy": 15,
      "snapOnGrid": true
    }
  }
}