{
  "_fv": 73,
  "_type": "gui",
  "definition": {
    "type": 0,
    "width": 176,
    "height": 166,
    "inventoryOffsetX": 0,
    "inventoryOffsetY": 0,
    "renderBgLayer": true,
    "doesPauseGame": false,
    "components": [
      {
        "type": "button",
        "data": {
          "name": "button_overworld",
          "text": "OVERWORLD",
          "isUndecorated": false,
          "onClick": {
            "name": "CreativeToOverworld"
          },
          "width": 72,
          "height": 20,
          "x": 178,
          "y": 53,
          "locked": false
        }
      },
      {
        "type": "button",
        "data": {
          "name": "button_nether",
          "text": "NETHER",
          "isUndecorated": false,
          "onClick": {
            "name": "CreativeToNether"
          },
          "width": 56,
          "height": 20,
          "x": 185,
          "y": 82,
          "locked": false
        }
      },
      {
        "type": "button",
        "data": {
          "name": "button_end",
          "text": "END",
          "isUndecorated": false,
          "onClick": {
            "name": "CreativeToEnd"
          },
          "width": 40,
          "height": 20,
          "x": 192,
          "y": 110,
          "locked": false
        }
      },
      {
        "type": "button",
        "data": {
          "name": "button_x",
          "text": "X",
          "isUndecorated": true,
          "onClick": {
            "name": "CloseUIS"
          },
          "width": 30,
          "height": 20,
          "x": 130,
          "y": 40,
          "locked": false
        }
      }
    ],
    "gridSettings": {
      "sx": 18,
      "sy": 18,
      "ox": 11,
      "oy": 15,
      "snapOnGrid": false
    }
  }
}