{
  "_fv": 73,
  "_type": "item",
  "definition": {
    "renderType": 0,
    "texture": "fortified_creeper_weapon",
    "customModelName": "Ranged item",
    "customProperties": {},
    "states": [],
    "name": "Creeper Launcher",
    "rarity": "UNCOMMON",
    "creativeTabs": [
      {
        "value": "CUSTOM:CraftyUtilities"
      },
      {
        "value": "CUSTOM:CraftyTools"
      }
    ],
    "stackSize": 1,
    "enchantability": 0,
    "useDuration": 20,
    "toolType": 1.0,
    "damageCount": 45,
    "recipeRemainder": {
      "value": ""
    },
    "destroyAnyBlock": false,
    "immuneToFire": false,
    "stayInGridWhenCrafting": false,
    "damageOnCrafting": false,
    "enableMeleeDamage": false,
    "damageVsEntity": 0.0,
    "specialInformation": {
      "fixedValue": []
    },
    "glowCondition": {
      "fixedValue": false
    },
    "inventorySize": 9,
    "inventoryStackSize": 64,
    "enableRanged": true,
    "shootConstantly": false,
    "rangedItemChargesPower": true,
    "projectile": {
      "value": "CUSTOM:CreeperBomb"
    },
    "projectileDisableAmmoCheck": false,
    "isFood": false,
    "nutritionalValue": 4,
    "saturation": 0.3,
    "eatResultItem": {
      "value": ""
    },
    "isMeat": false,
    "isAlwaysEdible": false,
    "animation": "bow",
    "isMusicDisc": false,
    "musicDiscLengthInTicks": 0,
    "musicDiscAnalogOutput": 0
  }
}