{
  "_fv": 73,
  "_type": "recipe",
  "definition": {
    "recipeType": "Smithing",
    "recipeRetstackSize": 1,
    "group": "",
    "cookingBookCategory": "MISC",
    "xpReward": 0.0,
    "cookingTime": 200,
    "craftingBookCategory": "MISC",
    "recipeShapeless": false,
    "smithingInputStack": {
      "value": "Items.GUNPOWDER"
    },
    "smithingInputAdditionStack": {
      "value": "Items.IRON_NUGGET"
    },
    "smithingInputTemplateStack": {
      "value": "CUSTOM:ChargeTemplate"
    },
    "smithingReturnStack": {
      "value": "CUSTOM:CreeperCharge"
    },
    "name": "creeping_gunpowder",
    "namespace": "mod"
  }
}