{
  "_fv": 73,
  "_type": "projectile",
  "definition": {
    "projectileItem": {
      "value": "CUSTOM:CreeperCharge"
    },
    "showParticles": false,
    "actionSound": {
      "value": "entity.arrow.shoot"
    },
    "igniteFire": false,
    "power": 2.5,
    "damage": 3.0,
    "knockback": 5,
    "entityModel": "Default",
    "customModelTexture": "creeper_gem.png",
    "modelWidth": 0.5,
    "modelHeight": 0.5,
    "onHitsBlock": {
      "name": "CreeperBombExplode"
    },
    "onHitsEntity": {
      "name": "CreeperBombExplode"
    }
  }
}