{
  "_fv": 73,
  "_type": "feature",
  "definition": {
    "skipPlacement": false,
    "generationStep": "UNDERGROUND_STRUCTURES",
    "restrictionBiomes": [
      {
        "value": "CUSTOM:CrystalizedCave"
      }
    ],
    "featurexml": "<xml xmlns=\"https://developers.google.com/blockly/xml\"><block type=\"feature_container\" deletable=\"false\" x=\"40\" y=\"40\"><value name=\"feature\"><block type=\"feature_custom_structure\"><field name=\"structure\">crystal_blue</field><field name=\"x\">0</field><field name=\"y\">0</field><field name=\"z\">0</field><field name=\"random_rotation\">TRUE</field><field name=\"random_mirror\">TRUE</field><value name=\"ignored_blocks\"><block type=\"block_holderset_list\"><mutation xmlns=\"http://www.w3.org/1999/xhtml\" inputs=\"1\"></mutation><field name=\"block0\">Blocks.STRUCTURE_BLOCK</field></block></value></block></value><next><block type=\"placement_rarity\"><field name=\"rarity\">1</field><next><block type=\"placement_in_square\"><next><block type=\"placement_height_uniform\"><value name=\"min\"><block type=\"vertical_anchor_above_bottom\"><field name=\"value\">8</field></block></value><value name=\"max\"><block type=\"vertical_anchor_absolute\"><field name=\"value\">128</field></block></value><next><block type=\"placement_surface_relative_threshold\"><field name=\"heightmap\">OCEAN_FLOOR_WG</field><field name=\"min\">-192</field><field name=\"max\">-8</field><next><block type=\"placement_block_predicate_filter\"><value name=\"condition\"><block type=\"block_predicate_matching_blocks\"><field name=\"x\">0</field><field name=\"y\">-1</field><field name=\"z\">0</field><value name=\"blockSet\"><block type=\"block_holderset_list\"><mutation xmlns=\"http://www.w3.org/1999/xhtml\" inputs=\"1\"></mutation><field name=\"block0\">Blocks.STONE#5</field></block></value></block></value><next><block type=\"placement_biome_filter\"></block></next></block></next></block></next></block></next></block></next></block></next></block></xml>"
  }
}