{
  "_fv": 73,
  "_type": "gui",
  "definition": {
    "type": 0,
    "width": 176,
    "height": 166,
    "inventoryOffsetX": 0,
    "inventoryOffsetY": 0,
    "renderBgLayer": true,
    "doesPauseGame": false,
    "components": [
      {
        "type": "label",
        "data": {
          "name": "label_ender_hopper_configuration",
          "text": {
            "fixedValue": "Ender Hopper Configuration"
          },
          "color": {
            "value": -15640628,
            "falpha": 0.0
          },
          "x": 132,
          "y": 44,
          "locked": false
        }
      },
      {
        "type": "label",
        "data": {
          "name": "label_x",
          "text": {
            "fixedValue": "X:"
          },
          "color": {
            "value": -12829636,
            "falpha": 0.0
          },
          "x": 141,
          "y": 71,
          "locked": false
        }
      },
      {
        "type": "label",
        "data": {
          "name": "label_y",
          "text": {
            "fixedValue": "Y:"
          },
          "color": {
            "value": -12829636,
            "falpha": 0.0
          },
          "x": 141,
          "y": 98,
          "locked": false
        }
      },
      {
        "type": "label",
        "data": {
          "name": "label_z",
          "text": {
            "fixedValue": "Z:"
          },
          "color": {
            "value": -12829636,
            "falpha": 0.0
          },
          "x": 141,
          "y": 125,
          "locked": false
        }
      },
      {
        "type": "textfield",
        "data": {
          "placeholder": "",
          "name": "ToX",
          "width": 120,
          "height": 20,
          "x": 150,
          "y": 71,
          "locked": false
        }
      },
      {
        "type": "textfield",
        "data": {
          "placeholder": "",
          "name": "ToY",
          "width": 120,
          "height": 20,
          "x": 150,
          "y": 98,
          "locked": false
        }
      },
      {
        "type": "textfield",
        "data": {
          "placeholder": "",
          "name": "ToZ",
          "width": 120,
          "height": 20,
          "x": 150,
          "y": 125,
          "locked": false
        }
      },
      {
        "type": "button",
        "data": {
          "name": "button_save_data",
          "text": "Save Data",
          "isUndecorated": false,
          "onClick": {
            "name": "EnderItemTransporterData"
          },
          "width": 72,
          "height": 20,
          "x": 177,
          "y": 161,
          "locked": false
        }
      }
    ],
    "gridSettings": {
      "sx": 18,
      "sy": 18,
      "ox": 11,
      "oy": 15,
      "snapOnGrid": true
    }
  }
}