{
  "_fv": 73,
  "_type": "tool",
  "definition": {
    "toolType": "Sword",
    "renderType": 0,
    "blockingRenderType": 0,
    "texture": "enderniter_sword",
    "customModelName": "Normal",
    "blockingModelName": "Normal blocking",
    "name": "Enderniter Sword",
    "specialInformation": {
      "fixedValue": []
    },
    "creativeTabs": [
      {
        "value": "CUSTOM:CraftyTools"
      }
    ],
    "efficiency": 10.0,
    "attackSpeed": 1.0,
    "enchantability": 20,
    "damageVsEntity": 10.0,
    "usageCount": 2000,
    "glowCondition": {
      "fixedValue": false
    },
    "repairItems": [
      {
        "value": "CUSTOM:Enderniter"
      }
    ],
    "immuneToFire": false,
    "blockDropsTier": "NETHERITE",
    "blocksAffected": [],
    "stayInGridWhenCrafting": false,
    "damageOnCrafting": false
  }
}