{
  "_fv": 73,
  "_type": "armor",
  "definition": {
    "enableHelmet": true,
    "textureHelmet": "enderniter_head",
    "enableBody": true,
    "textureBody": "enderniter_body",
    "enableLeggings": true,
    "textureLeggings": "enderniter_leggings",
    "enableBoots": true,
    "textureBoots": "enderniter_boots",
    "onHelmetTick": {
      "name": "EnderniterArmorChestplateTickEvent"
    },
    "onBodyTick": {
      "name": "EnderniterArmorChestplateTickEvent"
    },
    "onLeggingsTick": {
      "name": "EnderniterArmorChestplateTickEvent"
    },
    "onBootsTick": {
      "name": "EnderniterArmorChestplateTickEvent"
    },
    "creativeTabs": [
      {
        "value": "CUSTOM:CraftyTools"
      }
    ],
    "armorTextureFile": "enderniter",
    "helmetName": "Enderniter Helmet",
    "bodyName": "Enderniter Chestplate",
    "leggingsName": "Enderniter Leggings",
    "bootsName": "Enderniter Boots",
    "helmetSpecialInformation": {
      "fixedValue": []
    },
    "bodySpecialInformation": {
      "fixedValue": []
    },
    "leggingsSpecialInformation": {
      "fixedValue": []
    },
    "bootsSpecialInformation": {
      "fixedValue": []
    },
    "helmetModelName": "Default",
    "helmetModelPart": "Helmet",
    "helmetModelTexture": "From armor",
    "bodyModelName": "Default",
    "bodyModelPart": "Body",
    "armsModelPartL": "Arms L",
    "armsModelPartR": "Arms R",
    "bodyModelTexture": "From armor",
    "leggingsModelName": "Default",
    "leggingsModelPartL": "Leggings L",
    "leggingsModelPartR": "Leggings R",
    "leggingsModelTexture": "From armor",
    "bootsModelName": "Default",
    "bootsModelPartL": "Boots L",
    "bootsModelPartR": "Boots R",
    "bootsModelTexture": "From armor",
    "helmetItemRenderType": 0,
    "helmetItemCustomModelName": "Normal",
    "bodyItemRenderType": 0,
    "bodyItemCustomModelName": "Normal",
    "leggingsItemRenderType": 0,
    "leggingsItemCustomModelName": "Normal",
    "bootsItemRenderType": 0,
    "bootsItemCustomModelName": "Normal",
    "helmetImmuneToFire": false,
    "bodyImmuneToFire": false,
    "leggingsImmuneToFire": false,
    "bootsImmuneToFire": false,
    "helmetGlowCondition": {
      "fixedValue": false
    },
    "bodyGlowCondition": {
      "fixedValue": false
    },
    "leggingsGlowCondition": {
      "fixedValue": false
    },
    "bootsGlowCondition": {
      "fixedValue": false
    },
    "helmetPiglinNeutral": {
      "fixedValue": false
    },
    "bodyPiglinNeutral": {
      "fixedValue": false
    },
    "leggingsPiglinNeutral": {
      "fixedValue": false
    },
    "bootsPiglinNeutral": {
      "fixedValue": false
    },
    "maxDamage": 12,
    "damageValueHelmet": 5,
    "damageValueBody": 14,
    "damageValueLeggings": 11,
    "damageValueBoots": 5,
    "enchantability": 63,
    "toughness": 0.0,
    "knockbackResistance": 0.1,
    "equipSound": {
      "value": "block.beacon.activate"
    },
    "repairItems": [
      {
        "value": "CUSTOM:Enderniter"
      }
    ]
  }
}