{
  "_fv": 73,
  "_type": "recipe",
  "definition": {
    "recipeType": "Crafting",
    "recipeRetstackSize": 4,
    "group": "",
    "cookingBookCategory": "MISC",
    "xpReward": 0.0,
    "cookingTime": 200,
    "craftingBookCategory": "BUILDING",
    "recipeShapeless": false,
    "recipeSlots": [
      {
        "value": ""
      },
      {
        "value": ""
      },
      {
        "value": ""
      },
      {
        "value": "CUSTOM:EnderSand"
      },
      {
        "value": "CUSTOM:SteelBelt"
      },
      {
        "value": "CUSTOM:EnderSand"
      },
      {
        "value": "CUSTOM:EnderSand"
      },
      {
        "value": "Items.ENDER_PEARL"
      },
      {
        "value": "CUSTOM:EnderSand"
      }
    ],
    "recipeReturnStack": {
      "value": "CUSTOM:EnderMover"
    },
    "name": "ender_mover_craft",
    "namespace": "mod"
  }
}