{
  "_fv": 73,
  "_type": "recipe",
  "definition": {
    "recipeType": "Crafting",
    "recipeRetstackSize": 1,
    "group": "",
    "cookingBookCategory": "MISC",
    "xpReward": 0.0,
    "cookingTime": 200,
    "craftingBookCategory": "EQUIPMENT",
    "recipeShapeless": false,
    "recipeSlots": [
      {
        "value": "CUSTOM:Enderniter"
      },
      {
        "value": ""
      },
      {
        "value": "CUSTOM:Enderniter"
      },
      {
        "value": "CUSTOM:Enderniter"
      },
      {
        "value": "CUSTOM:Enderniter"
      },
      {
        "value": "CUSTOM:Enderniter"
      },
      {
        "value": "CUSTOM:Enderniter"
      },
      {
        "value": "CUSTOM:Enderniter"
      },
      {
        "value": "CUSTOM:Enderniter"
      }
    ],
    "recipeReturnStack": {
      "value": "CUSTOM:EnderniterArmor.body"
    },
    "name": "enderniter_armor_chestplate_recipe",
    "namespace": "mod"
  }
}