{
  "_fv": 73,
  "_type": "gui",
  "definition": {
    "type": 1,
    "width": 306,
    "height": 198,
    "inventoryOffsetX": 53,
    "inventoryOffsetY": 18,
    "renderBgLayer": true,
    "doesPauseGame": false,
    "components": [
      {
        "type": "textfield",
        "data": {
          "placeholder": "",
          "name": "posX",
          "width": 120,
          "height": 20,
          "x": 177,
          "y": 26,
          "locked": false
        }
      },
      {
        "type": "label",
        "data": {
          "name": "label_x",
          "text": {
            "fixedValue": "X:"
          },
          "color": {
            "value": -12829636,
            "falpha": 0.0
          },
          "x": 168,
          "y": 26,
          "locked": false
        }
      },
      {
        "type": "textfield",
        "data": {
          "placeholder": "",
          "name": "posY",
          "width": 120,
          "height": 20,
          "x": 177,
          "y": 53,
          "locked": false
        }
      },
      {
        "type": "label",
        "data": {
          "name": "label_starty",
          "text": {
            "fixedValue": "Y:"
          },
          "color": {
            "value": -12829636,
            "falpha": 0.0
          },
          "x": 168,
          "y": 53,
          "locked": false
        }
      },
      {
        "type": "textfield",
        "data": {
          "placeholder": "",
          "name": "posZ",
          "width": 120,
          "height": 20,
          "x": 177,
          "y": 80,
          "locked": false
        }
      },
      {
        "type": "label",
        "data": {
          "name": "label_y",
          "text": {
            "fixedValue": "Z:"
          },
          "color": {
            "value": -12829636,
            "falpha": 0.0
          },
          "x": 168,
          "y": 80,
          "locked": false
        }
      },
      {
        "type": "label",
        "data": {
          "name": "label_empty",
          "text": {
            "fixedValue": "______________________________"
          },
          "color": {
            "value": -12829636,
            "falpha": 0.0
          },
          "x": 186,
          "y": 98,
          "locked": false
        }
      },
      {
        "type": "outputslot",
        "data": {
          "id": 0,
          "disablePickup": {
            "fixedValue": false
          },
          "dropItemsWhenNotBound": true,
          "x": 186,
          "y": 116,
          "locked": false
        }
      },
      {
        "type": "outputslot",
        "data": {
          "id": 1,
          "disablePickup": {
            "fixedValue": false
          },
          "dropItemsWhenNotBound": true,
          "x": 204,
          "y": 116,
          "locked": false
        }
      },
      {
        "type": "outputslot",
        "data": {
          "id": 2,
          "disablePickup": {
            "fixedValue": false
          },
          "dropItemsWhenNotBound": true,
          "x": 222,
          "y": 116,
          "locked": false
        }
      },
      {
        "type": "outputslot",
        "data": {
          "id": 3,
          "disablePickup": {
            "fixedValue": false
          },
          "dropItemsWhenNotBound": true,
          "x": 240,
          "y": 116,
          "locked": false
        }
      },
      {
        "type": "outputslot",
        "data": {
          "id": 4,
          "disablePickup": {
            "fixedValue": false
          },
          "dropItemsWhenNotBound": true,
          "x": 258,
          "y": 116,
          "locked": false
        }
      },
      {
        "type": "outputslot",
        "data": {
          "id": 5,
          "disablePickup": {
            "fixedValue": false
          },
          "dropItemsWhenNotBound": true,
          "x": 276,
          "y": 116,
          "locked": false
        }
      },
      {
        "type": "outputslot",
        "data": {
          "id": 6,
          "disablePickup": {
            "fixedValue": false
          },
          "dropItemsWhenNotBound": true,
          "x": 294,
          "y": 116,
          "locked": false
        }
      },
      {
        "type": "outputslot",
        "data": {
          "id": 7,
          "disablePickup": {
            "fixedValue": false
          },
          "dropItemsWhenNotBound": true,
          "x": 312,
          "y": 116,
          "locked": false
        }
      },
      {
        "type": "outputslot",
        "data": {
          "id": 8,
          "disablePickup": {
            "fixedValue": false
          },
          "dropItemsWhenNotBound": true,
          "x": 330,
          "y": 116,
          "locked": false
        }
      },
      {
        "type": "label",
        "data": {
          "name": "label_ender_miner",
          "text": {
            "fixedValue": "ENDER MINER"
          },
          "color": {
            "value": -16763956,
            "falpha": 0.0
          },
          "x": 94,
          "y": 27,
          "locked": false
        }
      },
      {
        "type": "button",
        "data": {
          "name": "button_done",
          "text": "Save",
          "isUndecorated": false,
          "onClick": {
            "name": "EnderMinerSaveData"
          },
          "width": 46,
          "height": 20,
          "x": 99,
          "y": 55,
          "locked": false
        }
      },
      {
        "type": "label",
        "data": {
          "name": "label_use_redstone",
          "text": {
            "fixedValue": "USE REDSTONE"
          },
          "color": {
            "value": -52429,
            "falpha": 0.0
          },
          "x": 94,
          "y": 134,
          "locked": false
        }
      },
      {
        "type": "label",
        "data": {
          "name": "label_to_activate",
          "text": {
            "fixedValue": "TO ACTIVATE"
          },
          "color": {
            "value": -39271,
            "falpha": 0.0
          },
          "x": 96,
          "y": 143,
          "locked": false
        }
      },
      {
        "type": "checkbox",
        "data": {
          "name": "MinePlus",
          "text": "Continue",
          "x": 296,
          "y": 53,
          "locked": false
        }
      },
      {
        "type": "tooltip",
        "data": {
          "name": "tooltip_decrease_y_number_every_activati",
          "text": {
            "fixedValue": "Decrease Y number every activation"
          },
          "width": 24,
          "height": 24,
          "x": 294,
          "y": 51,
          "locked": false
        }
      }
    ],
    "gridSettings": {
      "sx": 18,
      "sy": 18,
      "ox": 11,
      "oy": 15,
      "snapOnGrid": false
    }
  }
}