{
  "_fv": 73,
  "_type": "block",
  "definition": {
    "texture": "bubble_air",
    "textureTop": "bubble_air",
    "textureLeft": "bubble_air",
    "textureFront": "bubble_air",
    "textureRight": "bubble_air",
    "textureBack": "bubble_air",
    "renderType": 10,
    "customModelName": "Normal",
    "rotationMode": 0,
    "enablePitch": false,
    "emissiveRendering": false,
    "displayFluidOverlay": true,
    "itemTexture": "",
    "particleTexture": "",
    "tintType": "Fog",
    "isItemTinted": true,
    "hasTransparency": true,
    "connectedSides": true,
    "transparencyType": "TRANSLUCENT",
    "disableOffset": false,
    "boundingBoxes": [
      {
        "mx": 0.0,
        "my": 0.0,
        "mz": 0.0,
        "Mx": 16.0,
        "My": 16.0,
        "Mz": 16.0,
        "subtract": false
      }
    ],
    "customProperties": [],
    "name": "Air Bubbles",
    "specialInformation": {
      "fixedValue": []
    },
    "hardness": 1.0,
    "resistance": 5.0,
    "hasGravity": false,
    "isWaterloggable": true,
    "creativeTabs": [
      {
        "value": "CUSTOM:CraftyOverworld"
      }
    ],
    "destroyTool": "hoe",
    "customDrop": {
      "value": "CUSTOM:AirBubbleItem"
    },
    "dropAmount": 4,
    "useLootTableForDrops": false,
    "requiresCorrectTool": false,
    "enchantPowerBonus": 0.0,
    "plantsGrowOn": false,
    "canRedstoneConnect": false,
    "lightOpacity": 0,
    "material": {
      "value": "GLASS"
    },
    "tickRate": 0,
    "tickRandomly": false,
    "isReplaceable": false,
    "canProvidePower": false,
    "emittedRedstonePower": {
      "fixedValue": 15.0
    },
    "colorOnMap": "DEFAULT",
    "creativePickItem": {
      "value": ""
    },
    "offsetType": "NONE",
    "aiPathNodeType": "STICKY_HONEY",
    "beaconColorModifier": {
      "value": -4857620,
      "falpha": 0.0
    },
    "flammability": 0,
    "fireSpreadSpeed": 0,
    "isLadder": true,
    "slipperiness": 0.5,
    "speedFactor": 0.4,
    "jumpFactor": 0.7999999999999999,
    "reactionToPushing": "NORMAL",
    "isNotColidable": true,
    "isCustomSoundType": false,
    "soundOnStep": {
      "value": "SLIME"
    },
    "breakSound": {
      "value": ""
    },
    "fallSound": {
      "value": ""
    },
    "hitSound": {
      "value": ""
    },
    "placeSound": {
      "value": ""
    },
    "stepSound": {
      "value": ""
    },
    "luminance": 0,
    "unbreakable": false,
    "vanillaToolTier": "STONE",
    "isBonemealable": false,
    "hasInventory": false,
    "openGUIOnRightClick": false,
    "inventorySize": 9,
    "inventoryStackSize": 64,
    "inventoryDropWhenDestroyed": true,
    "inventoryComparatorPower": true,
    "inventoryOutSlotIDs": [],
    "inventoryInSlotIDs": [],
    "hasEnergyStorage": false,
    "energyInitial": 0,
    "energyCapacity": 400000,
    "energyMaxReceive": 200,
    "energyMaxExtract": 200,
    "isFluidTank": false,
    "fluidCapacity": 8000,
    "fluidRestrictions": [],
    "generateFeature": true,
    "restrictionBiomes": [
      {
        "value": "CUSTOM:FloatingIslandsBiome"
      }
    ],
    "blocksToReplace": [
      {
        "value": "Blocks.AIR"
      }
    ],
    "generationShape": "UNIFORM",
    "frequencyPerChunks": 1,
    "frequencyOnChunk": 3,
    "minGenerateHeight": 100,
    "maxGenerateHeight": 200
  }
}