{
  "_fv": 73,
  "_type": "achievement",
  "definition": {
    "achievementName": "Belt Transportation",
    "achievementDescription": "craft a steel belt",
    "achievementIcon": {
      "value": "CUSTOM:SteelBelt"
    },
    "background": "Default",
    "disableDisplay": false,
    "showPopup": true,
    "announceToChat": true,
    "hideIfNotCompleted": false,
    "rewardLoot": [],
    "rewardRecipes": [],
    "rewardXP": 0,
    "achievementType": "task",
    "parent": {
      "value": "CUSTOM:TheNewMetal"
    },
    "triggerxml": "<xml xmlns=\"https://developers.google.com/blockly/xml\"><block type=\"advancement_trigger\" deletable=\"false\" x=\"40\" y=\"80\"><next><block type=\"block_placed\"><value name=\"block\"><block type=\"mcitem_allblocks\"><field name=\"value\">CUSTOM:SteelBelt</field></block></value></block></next></block></xml>"
  }
}