{
  "_fv": 73,
  "_type": "gui",
  "definition": {
    "type": 0,
    "width": 202,
    "height": 166,
    "inventoryOffsetX": 0,
    "inventoryOffsetY": 0,
    "renderBgLayer": true,
    "doesPauseGame": false,
    "components": [
      {
        "type": "textfield",
        "data": {
          "placeholder": "",
          "name": "tpY",
          "width": 120,
          "height": 20,
          "x": 132,
          "y": 89,
          "locked": false
        }
      },
      {
        "type": "textfield",
        "data": {
          "placeholder": "",
          "name": "tpX",
          "width": 120,
          "height": 20,
          "x": 132,
          "y": 62,
          "locked": false
        }
      },
      {
        "type": "textfield",
        "data": {
          "placeholder": "",
          "name": "tpZ",
          "width": 120,
          "height": 20,
          "x": 132,
          "y": 116,
          "locked": false
        }
      },
      {
        "type": "label",
        "data": {
          "name": "label_block_teleporter",
          "text": {
            "fixedValue": "block teleporter"
          },
          "color": {
            "value": -12829636,
            "falpha": 0.0
          },
          "x": 123,
          "y": 44,
          "locked": false
        }
      },
      {
        "type": "label",
        "data": {
          "name": "label_x",
          "text": {
            "fixedValue": "x:"
          },
          "color": {
            "value": -12829636,
            "falpha": 0.0
          },
          "x": 123,
          "y": 71,
          "locked": false
        }
      },
      {
        "type": "label",
        "data": {
          "name": "label_y",
          "text": {
            "fixedValue": "y:"
          },
          "color": {
            "value": -12829636,
            "falpha": 0.0
          },
          "x": 123,
          "y": 98,
          "locked": false
        }
      },
      {
        "type": "label",
        "data": {
          "name": "label_z",
          "text": {
            "fixedValue": "z:"
          },
          "color": {
            "value": -12829636,
            "falpha": 0.0
          },
          "x": 123,
          "y": 125,
          "locked": false
        }
      },
      {
        "type": "checkbox",
        "data": {
          "name": "canX",
          "text": "useX?",
          "x": 258,
          "y": 62,
          "locked": false
        }
      },
      {
        "type": "checkbox",
        "data": {
          "name": "canY",
          "text": "useY?",
          "x": 258,
          "y": 89,
          "locked": false
        }
      },
      {
        "type": "checkbox",
        "data": {
          "name": "canZ",
          "text": "useZ?",
          "x": 258,
          "y": 116,
          "locked": false
        }
      },
      {
        "type": "button",
        "data": {
          "name": "button_save_data",
          "text": "Save Data",
          "isUndecorated": false,
          "onClick": {
            "name": "BlockTeleportingCoord"
          },
          "width": 72,
          "height": 20,
          "x": 177,
          "y": 161,
          "locked": false
        }
      }
    ],
    "gridSettings": {
      "sx": 18,
      "sy": 18,
      "ox": 11,
      "oy": 15,
      "snapOnGrid": true
    }
  }
}