{
  "_fv": 73,
  "_type": "gui",
  "definition": {
    "type": 1,
    "width": 176,
    "height": 166,
    "inventoryOffsetX": 0,
    "inventoryOffsetY": 0,
    "renderBgLayer": true,
    "doesPauseGame": false,
    "components": [
      {
        "type": "label",
        "data": {
          "name": "label_block_placer",
          "text": {
            "fixedValue": "BLOCK PLACER"
          },
          "color": {
            "value": -12829636,
            "falpha": 0.0
          },
          "x": 131,
          "y": 42,
          "locked": false
        }
      },
      {
        "type": "label",
        "data": {
          "name": "label_block_to_place",
          "text": {
            "fixedValue": "block to place ="
          },
          "color": {
            "value": -12829636,
            "falpha": 0.0
          },
          "x": 141,
          "y": 82,
          "locked": false
        }
      },
      {
        "type": "inputslot",
        "data": {
          "inputLimit": {
            "value": ""
          },
          "disablePlacement": {
            "fixedValue": false
          },
          "color": {
            "value": -5046344,
            "falpha": 0.0
          },
          "id": 0,
          "disablePickup": {
            "fixedValue": false
          },
          "dropItemsWhenNotBound": true,
          "x": 227,
          "y": 79,
          "locked": false
        }
      },
      {
        "type": "label",
        "data": {
          "name": "label_use_a_redstone_signal_to_place_i",
          "text": {
            "fixedValue": "Use a redstone signal to place it"
          },
          "color": {
            "value": -52429,
            "falpha": 0.0
          },
          "x": 127,
          "y": 203,
          "locked": false
        }
      }
    ],
    "gridSettings": {
      "sx": 18,
      "sy": 18,
      "ox": 11,
      "oy": 15,
      "snapOnGrid": false
    }
  }
}