{
  "_fv": 73,
  "_type": "feature",
  "definition": {
    "skipPlacement": false,
    "generationStep": "UNDERGROUND_DECORATION",
    "restrictionBiomes": [
      {
        "value": "CUSTOM:CrystalizedCave"
      }
    ],
    "featurexml": "<xml xmlns=\"https://developers.google.com/blockly/xml\"><block type=\"feature_container\" deletable=\"false\" x=\"40\" y=\"40\"><value name=\"feature\"><block type=\"feature_simple_block\"><value name=\"block\"><block type=\"blockstate_selector\"><mutation xmlns=\"http://www.w3.org/1999/xhtml\" inputs=\"0\"></mutation><field name=\"block\">CUSTOM:BrightestCrystal</field></block></value></block></value><next><block type=\"placement_rarity\"><field name=\"rarity\">15</field><next><block type=\"placement_height_uniform\"><value name=\"min\"><block type=\"vertical_anchor_above_bottom\"><field name=\"value\">8</field></block></value><value name=\"max\"><block type=\"vertical_anchor_absolute\"><field name=\"value\">64</field></block></value><next><block type=\"placement_surface_relative_threshold\"><field name=\"heightmap\">WORLD_SURFACE_WG</field><field name=\"min\">-192</field><field name=\"max\">-8</field><next><block type=\"placement_biome_filter\"><next><block type=\"placement_count\"><value name=\"count\"><block type=\"int_provider_constant\"><field name=\"value\">10</field></block></value></block></next></block></next></block></next></block></next></block></next></block></xml>"
  }
}