{
  "_fv": 73,
  "_type": "recipe",
  "definition": {
    "recipeType": "Crafting",
    "recipeRetstackSize": 1,
    "group": "",
    "cookingBookCategory": "MISC",
    "xpReward": 0.0,
    "cookingTime": 200,
    "craftingBookCategory": "MISC",
    "recipeShapeless": false,
    "recipeSlots": [
      {
        "value": "Items.BUCKET"
      },
      {
        "value": "Items.BUCKET"
      },
      {
        "value": "Items.BUCKET"
      },
      {
        "value": "Items.IRON_INGOT"
      },
      {
        "value": "CUSTOM:AirBubble"
      },
      {
        "value": "Items.IRON_INGOT"
      },
      {
        "value": "CUSTOM:SteelIngot"
      },
      {
        "value": "CUSTOM:SteelIngot"
      },
      {
        "value": "CUSTOM:SteelIngot"
      }
    ],
    "recipeReturnStack": {
      "value": "CUSTOM:BubbleTankAir"
    },
    "name": "bubble_tank_craft",
    "namespace": "mod"
  }
}