{
  "_fv": 73,
  "_type": "biome",
  "definition": {
    "name": "Celestial Islands",
    "groundBlock": {
      "value": "CUSTOM:CelestialGrass"
    },
    "undergroundBlock": {
      "value": "CUSTOM:CelestialDirt"
    },
    "underwaterBlock": {
      "value": "CUSTOM:CelestialSand"
    },
    "airColor": {
      "value": -11820801,
      "falpha": 0.0
    },
    "fogColor": {
      "value": -11820801,
      "falpha": 0.0
    },
    "waterColor": {
      "value": -9286657,
      "falpha": 0.0
    },
    "waterFogColor": {
      "value": -4633601,
      "falpha": 0.0
    },
    "ambientSound": {
      "value": ""
    },
    "additionsSound": {
      "value": ""
    },
    "music": {
      "value": ""
    },
    "moodSound": {
      "value": ""
    },
    "moodSoundDelay": 6000,
    "spawnParticles": false,
    "particleToSpawn": {
      "value": "CUSTOM:CrystalBrightness"
    },
    "particlesProbability": 0.5,
    "rainingPossibility": 0.5,
    "temperature": 0.5,
    "spawnBiome": false,
    "spawnInCaves": false,
    "spawnBiomeNether": false,
    "genTemperature": {
      "min": -0.5,
      "max": 0.6
    },
    "genHumidity": {
      "min": -0.3,
      "max": 1.0
    },
    "genContinentalness": {
      "min": 0.3,
      "max": 1.0
    },
    "genErosion": {
      "min": -0.5,
      "max": 0.5
    },
    "genWeirdness": {
      "min": -1.0,
      "max": 1.0
    },
    "treesPerChunk": 2,
    "vanillaTreeType": "Birch trees",
    "treeType": 1,
    "minHeight": 6,
    "treeStem": {
      "value": "CUSTOM:CelestialWoodLog"
    },
    "treeBranch": {
      "value": "CUSTOM:CelestialWoodLeaves"
    },
    "treeVines": {
      "value": "Blocks.AIR"
    },
    "treeFruits": {
      "value": "Blocks.AIR"
    },
    "defaultFeatures": [],
    "spawnStronghold": false,
    "spawnMineshaft": false,
    "spawnMineshaftMesa": false,
    "spawnPillagerOutpost": false,
    "villageType": "none",
    "spawnWoodlandMansion": false,
    "spawnJungleTemple": false,
    "spawnDesertPyramid": false,
    "spawnSwampHut": false,
    "spawnIgloo": false,
    "spawnOceanMonument": false,
    "spawnShipwreck": false,
    "spawnShipwreckBeached": false,
    "spawnBuriedTreasure": false,
    "oceanRuinType": "NONE",
    "spawnNetherBridge": false,
    "spawnNetherFossil": false,
    "spawnBastionRemnant": false,
    "spawnEndCity": false,
    "spawnRuinedPortal": "NONE",
    "spawnEntries": [
      {
        "entity": {
          "value": "EntityGoat"
        },
        "minGroup": 1,
        "maxGroup": 2,
        "weight": 1,
        "spawnType": "creature"
      }
    ]
  }
}