{
  "_fv": 73,
  "_type": "feature",
  "definition": {
    "skipPlacement": false,
    "generationStep": "RAW_GENERATION",
    "restrictionBiomes": [
      {
        "value": "CUSTOM:CelestialIslands"
      }
    ],
    "featurexml": "<xml xmlns=\"https://developers.google.com/blockly/xml\"><block type=\"feature_container\" deletable=\"false\" x=\"40\" y=\"40\"><value name=\"feature\"><block type=\"feature_custom_structure\"><field name=\"structure\">celestial_star</field><field name=\"x\">0</field><field name=\"y\">0</field><field name=\"z\">0</field><field name=\"random_rotation\">FALSE</field><field name=\"random_mirror\">FALSE</field><value name=\"ignored_blocks\"><block type=\"block_holderset_list\"><mutation xmlns=\"http://www.w3.org/1999/xhtml\" inputs=\"1\"></mutation><field name=\"block0\">Blocks.STRUCTURE_BLOCK</field></block></value></block></value><next><block type=\"placement_rarity\"><field name=\"rarity\">370</field><next><block type=\"placement_in_square\"><next><block type=\"placement_height_uniform\"><value name=\"min\"><block type=\"vertical_anchor_absolute\"><field name=\"value\">63</field></block></value><value name=\"max\"><block type=\"vertical_anchor_below_top\"><field name=\"value\">0</field></block></value><next><block type=\"placement_surface_relative_threshold\"><field name=\"heightmap\">WORLD_SURFACE_WG</field><field name=\"min\">8</field><field name=\"max\">80</field><next><block type=\"placement_biome_filter\"></block></next></block></next></block></next></block></next></block></next></block></xml>"
  }
}