{
  "_fv": 73,
  "_type": "recipe",
  "definition": {
    "recipeType": "Crafting",
    "recipeRetstackSize": 1,
    "group": "",
    "cookingBookCategory": "MISC",
    "xpReward": 0.0,
    "cookingTime": 200,
    "craftingBookCategory": "MISC",
    "recipeShapeless": false,
    "recipeSlots": [
      {
        "value": "Blocks.PLANKS#0"
      },
      {
        "value": "Blocks.CHAIN"
      },
      {
        "value": "Blocks.PLANKS#0"
      },
      {
        "value": "Blocks.PLANKS#0"
      },
      {
        "value": "Items.REDSTONE"
      },
      {
        "value": "Blocks.PLANKS#0"
      },
      {
        "value": "Blocks.PLANKS#0"
      },
      {
        "value": "Blocks.CHAIN"
      },
      {
        "value": "Blocks.PLANKS#0"
      }
    ],
    "recipeReturnStack": {
      "value": "CUSTOM:BlockWithChain"
    },
    "name": "chain_in_wood_redstone_craft",
    "namespace": "mod"
  }
}