{
  "_fv": 73,
  "_type": "gui",
  "definition": {
    "type": 1,
    "width": 176,
    "height": 166,
    "inventoryOffsetX": 0,
    "inventoryOffsetY": 0,
    "renderBgLayer": true,
    "doesPauseGame": false,
    "components": [
      {
        "type": "textfield",
        "data": {
          "placeholder": "explosion power",
          "name": "power",
          "width": 120,
          "height": 20,
          "x": 159,
          "y": 53,
          "locked": false
        }
      },
      {
        "type": "textfield",
        "data": {
          "placeholder": "explosion delay",
          "name": "time",
          "width": 120,
          "height": 20,
          "x": 159,
          "y": 71,
          "locked": false
        }
      },
      {
        "type": "button",
        "data": {
          "name": "button_set_data",
          "text": "Set Data",
          "isUndecorated": false,
          "onClick": {
            "name": "CreativeTntSet"
          },
          "width": 66,
          "height": 20,
          "x": 186,
          "y": 89,
          "locked": false
        }
      }
    ],
    "gridSettings": {
      "sx": 18,
      "sy": 18,
      "ox": 11,
      "oy": 15,
      "snapOnGrid": true
    }
  }
}