{
  "_fv": 73,
  "_type": "gui",
  "definition": {
    "type": 1,
    "width": 176,
    "height": 166,
    "inventoryOffsetX": 0,
    "inventoryOffsetY": 0,
    "renderBgLayer": true,
    "doesPauseGame": false,
    "components": [
      {
        "type": "label",
        "data": {
          "name": "label_copper_redstone_energy_generator",
          "text": {
            "fixedValue": "Copper Redstone Energy Generator"
          },
          "color": {
            "value": -35584,
            "falpha": 0.0
          },
          "x": 128,
          "y": 40,
          "locked": false
        }
      },
      {
        "type": "inputslot",
        "data": {
          "inputLimit": {
            "value": "CUSTOM:CooperRedstone"
          },
          "disablePlacement": {
            "fixedValue": false
          },
          "color": {
            "value": -35584,
            "falpha": 0.0
          },
          "id": 0,
          "disablePickup": {
            "fixedValue": false
          },
          "dropItemsWhenNotBound": true,
          "x": 222,
          "y": 84,
          "locked": false
        }
      },
      {
        "type": "label",
        "data": {
          "name": "label_copper_redstone",
          "text": {
            "fixedValue": "copper redstone:"
          },
          "color": {
            "value": -12829636,
            "falpha": 0.0
          },
          "x": 136,
          "y": 90,
          "locked": false
        }
      },
      {
        "type": "label",
        "data": {
          "name": "label_redstone_or_coal",
          "text": {
            "fixedValue": "redstone or coal:"
          },
          "color": {
            "value": -12829636,
            "falpha": 0.0
          },
          "x": 130,
          "y": 106,
          "locked": false
        }
      },
      {
        "type": "inputslot",
        "data": {
          "inputLimit": {
            "value": ""
          },
          "disablePlacement": {
            "fixedValue": false
          },
          "color": {
            "value": -11660011,
            "falpha": 0.0
          },
          "id": 1,
          "disablePickup": {
            "fixedValue": false
          },
          "dropItemsWhenNotBound": true,
          "x": 222,
          "y": 102,
          "locked": false
        }
      },
      {
        "type": "label",
        "data": {
          "name": "label_set_the_indicated_itens_in_the_s",
          "text": {
            "fixedValue": "Set the indicated itens in the"
          },
          "color": {
            "value": -12829636,
            "falpha": 0.0
          },
          "x": 129,
          "y": 54,
          "locked": false
        }
      },
      {
        "type": "label",
        "data": {
          "name": "label_slots_to_generate_energy",
          "text": {
            "fixedValue": "slots to generate energy"
          },
          "color": {
            "value": -12829636,
            "falpha": 0.0
          },
          "x": 130,
          "y": 64,
          "locked": false
        }
      }
    ],
    "gridSettings": {
      "sx": 18,
      "sy": 18,
      "ox": 11,
      "oy": 15,
      "snapOnGrid": false
    }
  }
}