{
  "_fv": 73,
  "_type": "gui",
  "definition": {
    "type": 0,
    "width": 200,
    "height": 164,
    "inventoryOffsetX": 0,
    "inventoryOffsetY": 0,
    "renderBgLayer": false,
    "doesPauseGame": true,
    "components": [
      {
        "type": "label",
        "data": {
          "name": "label_copper_magnetic_activator",
          "text": {
            "fixedValue": "Copper Magnetic Activator"
          },
          "color": {
            "value": -3394816,
            "falpha": 0.0
          },
          "x": 150,
          "y": 44,
          "locked": false
        }
      },
      {
        "type": "textfield",
        "data": {
          "placeholder": "My_Magnetic_Card_ID",
          "name": "PassInput",
          "width": 120,
          "height": 20,
          "x": 154,
          "y": 88,
          "locked": false
        }
      },
      {
        "type": "label",
        "data": {
          "name": "label_insert_here_the_acepted_magnetic",
          "text": {
            "fixedValue": "Insert Here The Acepted Magnetical Id"
          },
          "color": {
            "value": -1,
            "falpha": 0.0
          },
          "x": 117,
          "y": 75,
          "locked": false
        }
      },
      {
        "type": "button",
        "data": {
          "name": "button_done",
          "text": "Done",
          "isUndecorated": false,
          "onClick": {
            "name": "ValidateId"
          },
          "width": 46,
          "height": 20,
          "x": 191,
          "y": 161,
          "locked": false
        }
      }
    ],
    "gridSettings": {
      "sx": 18,
      "sy": 18,
      "ox": 11,
      "oy": 15,
      "snapOnGrid": false
    }
  }
}