{
  "_fv": 73,
  "_type": "projectile",
  "definition": {
    "projectileItem": {
      "value": "CUSTOM:CopperArrow"
    },
    "showParticles": true,
    "actionSound": {
      "value": "entity.arrow.shoot"
    },
    "igniteFire": false,
    "power": 3.0,
    "damage": 2.5,
    "knockback": 5,
    "entityModel": "Default",
    "customModelTexture": "copper_arrow.png",
    "modelWidth": 0.5,
    "modelHeight": 0.5,
    "onHitsEntity": {
      "name": "CopperProjectileArrowProjectileHitsLivingEntity"
    }
  }
}