{
  "_fv": 73,
  "_type": "item",
  "definition": {
    "renderType": 0,
    "texture": "book_guide",
    "customModelName": "Normal",
    "customProperties": {},
    "states": [],
    "name": "Crafty Guide",
    "rarity": "EPIC",
    "creativeTabs": [
      {
        "value": "CUSTOM:CraftyUtilities"
      }
    ],
    "stackSize": 64,
    "enchantability": 0,
    "useDuration": 0,
    "toolType": 1.0,
    "damageCount": 0,
    "recipeRemainder": {
      "value": ""
    },
    "destroyAnyBlock": false,
    "immuneToFire": false,
    "stayInGridWhenCrafting": false,
    "damageOnCrafting": false,
    "enableMeleeDamage": false,
    "damageVsEntity": 0.0,
    "specialInformation": {
      "fixedValue": [
        "Guide And Quests of the Crafty World"
      ]
    },
    "inventorySize": 9,
    "inventoryStackSize": 64,
    "onRightClickedInAir": {
      "name": "CraftyGuideOpen"
    },
    "enableRanged": false,
    "shootConstantly": false,
    "rangedItemChargesPower": false,
    "projectileDisableAmmoCheck": false,
    "isFood": false,
    "nutritionalValue": 4,
    "saturation": 0.3,
    "eatResultItem": {
      "value": ""
    },
    "isMeat": false,
    "isAlwaysEdible": false,
    "animation": "none",
    "isMusicDisc": false,
    "musicDiscLengthInTicks": 0,
    "musicDiscAnalogOutput": 0
  }
}