{
  "_fv": 73,
  "_type": "gui",
  "definition": {
    "type": 0,
    "width": 408,
    "height": 237,
    "inventoryOffsetX": 0,
    "inventoryOffsetY": 0,
    "renderBgLayer": true,
    "doesPauseGame": false,
    "components": [
      {
        "type": "image",
        "data": {
          "image": "wood_background.png",
          "use1Xscale": false,
          "x": 13,
          "y": 6,
          "locked": false
        }
      },
      {
        "type": "label",
        "data": {
          "name": "label_crafty_wiki",
          "text": {
            "fixedValue": "CRAFTY WIKI"
          },
          "color": {
            "value": -1,
            "falpha": 0.0
          },
          "x": 32,
          "y": 14,
          "locked": false
        }
      },
      {
        "type": "label",
        "data": {
          "name": "label_empty",
          "text": {
            "fixedValue": "_____________________________________________________________________"
          },
          "color": {
            "value": -1,
            "falpha": 0.0
          },
          "x": 30,
          "y": 24,
          "locked": false
        }
      },
      {
        "type": "button",
        "data": {
          "name": "button_crafty_world_wiki_website",
          "text": "Crafty World Wiki Website",
          "isUndecorated": false,
          "onClick": {
            "name": "CraftyWorldOfficialWebsite"
          },
          "width": 155,
          "height": 20,
          "x": 135,
          "y": 199,
          "locked": false
        }
      },
      {
        "type": "button",
        "data": {
          "name": "button_blocks",
          "text": "Blocks",
          "isUndecorated": false,
          "onClick": {
            "name": "WikiToBlocks"
          },
          "width": 56,
          "height": 20,
          "x": 335,
          "y": 103,
          "locked": false
        }
      },
      {
        "type": "button",
        "data": {
          "name": "button_itens",
          "text": "Itens",
          "isUndecorated": false,
          "onClick": {
            "name": "WikiToItens"
          },
          "width": 51,
          "height": 20,
          "x": 340,
          "y": 128,
          "locked": false
        }
      },
      {
        "type": "button",
        "data": {
          "name": "button_biomes_and_dimensions",
          "text": "Biomes and Dimensions",
          "isUndecorated": false,
          "onClick": {
            "name": "WikiToWorld"
          },
          "width": 134,
          "height": 20,
          "x": 257,
          "y": 56,
          "locked": false
        }
      },
      {
        "type": "button",
        "data": {
          "name": "button_structures",
          "text": "Structures",
          "isUndecorated": false,
          "onClick": {
            "name": "WikiToStructures"
          },
          "width": 77,
          "height": 20,
          "x": 314,
          "y": 80,
          "locked": false
        }
      },
      {
        "type": "label",
        "data": {
          "name": "label_other_pages",
          "text": {
            "fixedValue": "Other pages_________________________________________________________"
          },
          "color": {
            "value": -1,
            "falpha": 0.0
          },
          "x": 30,
          "y": 182,
          "locked": false
        }
      },
      {
        "type": "label",
        "data": {
          "name": "label_crafty_world_by_cat_meooww",
          "text": {
            "fixedValue": "Crafty World by Cat Meooww (:"
          },
          "color": {
            "value": -1,
            "falpha": 0.0
          },
          "x": 30,
          "y": 102,
          "locked": false
        }
      },
      {
        "type": "button",
        "data": {
          "name": "button_empty",
          "text": "<-",
          "isUndecorated": true,
          "onClick": {
            "name": "CloseWiki"
          },
          "width": 35,
          "height": 20,
          "x": 16,
          "y": 11,
          "locked": false
        }
      }
    ],
    "gridSettings": {
      "sx": 18,
      "sy": 18,
      "ox": 11,
      "oy": 15,
      "snapOnGrid": false
    }
  }
}