{
  "_fv": 73,
  "_type": "potioneffect",
  "definition": {
    "effectName": "Crafty Essence",
    "icon": "crafty_effected",
    "color": {
      "value": -12517632,
      "falpha": 0.0
    },
    "isInstant": true,
    "mobEffectCategory": "BENEFICIAL",
    "renderStatusInInventory": true,
    "renderStatusInHUD": true,
    "isCuredByMilk": true,
    "isProtectedByTotem": true,
    "isCuredbyHoney": false,
    "modifiers": [],
    "onStarted": {
      "name": "CraftyEssenceEffectStartedapplied"
    }
  }
}