{
  "_fv": 73,
  "_type": "achievement",
  "definition": {
    "achievementName": "Crafts In Celestial",
    "achievementDescription": "go to the celestial dimension",
    "achievementIcon": {
      "value": "CUSTOM:CelestialGrass"
    },
    "background": "Default",
    "disableDisplay": false,
    "showPopup": true,
    "announceToChat": true,
    "hideIfNotCompleted": false,
    "rewardLoot": [],
    "rewardRecipes": [],
    "rewardXP": 2,
    "achievementType": "goal",
    "parent": {
      "value": "CUSTOM:CraftingAWorld"
    },
    "triggerxml": "<xml xmlns=\"https://developers.google.com/blockly/xml\"><block type=\"advancement_trigger\" deletable=\"false\" x=\"40\" y=\"80\"><next><block type=\"dimension_entered\"><field name=\"dimension\">CUSTOM:CelestialDimension</field></block></next></block></xml>"
  }
}