{
  "_fv": 73,
  "_type": "gui",
  "definition": {
    "type": 0,
    "width": 290,
    "height": 100,
    "inventoryOffsetX": 0,
    "inventoryOffsetY": 0,
    "renderBgLayer": true,
    "doesPauseGame": false,
    "components": [
      {
        "type": "label",
        "data": {
          "name": "label_the_official_crafty_world_websit",
          "text": {
            "fixedValue": "The official Crafty World Website here:"
          },
          "color": {
            "value": -12829636,
            "falpha": 0.0
          },
          "x": 76,
          "y": 74,
          "locked": false
        }
      },
      {
        "type": "label",
        "data": {
          "name": "label_more_info",
          "text": {
            "fixedValue": "More Info:"
          },
          "color": {
            "value": -12829636,
            "falpha": 0.0
          },
          "x": 77,
          "y": 119,
          "locked": false
        }
      },
      {
        "type": "label",
        "data": {
          "name": "label_empty",
          "text": {
            "fixedValue": "_____________________________________________"
          },
          "color": {
            "value": -12829636,
            "falpha": 0.0
          },
          "x": 77,
          "y": 108,
          "locked": false
        }
      },
      {
        "type": "label",
        "data": {
          "name": "label_https",
          "text": {
            "fixedValue": "https://"
          },
          "color": {
            "value": -12829636,
            "falpha": 0.0
          },
          "x": 77,
          "y": 94,
          "locked": false
        }
      },
      {
        "type": "label",
        "data": {
          "name": "label_https1",
          "text": {
            "fixedValue": "https://"
          },
          "color": {
            "value": -12829636,
            "falpha": 0.0
          },
          "x": 77,
          "y": 140,
          "locked": false
        }
      },
      {
        "type": "label",
        "data": {
          "name": "label_catmeoowwgithubiominecraftped",
          "text": {
            "fixedValue": "catmeooww.github.io/MinecraftPedia/"
          },
          "color": {
            "value": -13141785,
            "falpha": 0.0
          },
          "x": 119,
          "y": 94,
          "locked": false
        }
      },
      {
        "type": "label",
        "data": {
          "name": "label_youtube3xboubpjlksiwdsn7u",
          "text": {
            "fixedValue": "blogs.mtdv.me/crafting_info"
          },
          "color": {
            "value": -4496668,
            "falpha": 0.0
          },
          "x": 119,
          "y": 139,
          "locked": false
        }
      }
    ],
    "gridSettings": {
      "sx": 18,
      "sy": 18,
      "ox": 11,
      "oy": 15,
      "snapOnGrid": false
    }
  }
}