{
  "_fv": 73,
  "_type": "gui",
  "definition": {
    "type": 0,
    "width": 408,
    "height": 237,
    "inventoryOffsetX": 0,
    "inventoryOffsetY": 0,
    "renderBgLayer": true,
    "doesPauseGame": false,
    "components": [
      {
        "type": "image",
        "data": {
          "image": "wood_background.png",
          "use1Xscale": false,
          "x": 13,
          "y": 6,
          "locked": false
        }
      },
      {
        "type": "label",
        "data": {
          "name": "label_crafty_wiki",
          "text": {
            "fixedValue": "CRAFTY WIKI - Structures"
          },
          "color": {
            "value": -1,
            "falpha": 0.0
          },
          "x": 30,
          "y": 14,
          "locked": false
        }
      },
      {
        "type": "label",
        "data": {
          "name": "label_empty",
          "text": {
            "fixedValue": "_____________________________________________________________________"
          },
          "color": {
            "value": -1,
            "falpha": 0.0
          },
          "x": 30,
          "y": 24,
          "locked": false
        }
      },
      {
        "type": "button",
        "data": {
          "name": "button_crafty_world_wiki_website",
          "text": "More in Crafty World website",
          "isUndecorated": true,
          "onClick": {
            "name": "CraftyWorldOfficialWebsite"
          },
          "width": 155,
          "height": 20,
          "x": 253,
          "y": 209,
          "locked": false
        }
      },
      {
        "type": "image",
        "data": {
          "image": "ender_teleporter.png",
          "use1Xscale": false,
          "x": 236,
          "y": 207,
          "locked": false
        }
      },
      {
        "type": "label",
        "data": {
          "name": "label_nature_blocks",
          "text": {
            "fixedValue": "Simple Places"
          },
          "color": {
            "value": -16750900,
            "falpha": 0.0
          },
          "x": 16,
          "y": 40,
          "locked": false
        }
      },
      {
        "type": "label",
        "data": {
          "name": "label_special_blocks",
          "text": {
            "fixedValue": "The Great Dungeons"
          },
          "color": {
            "value": -52429,
            "falpha": 0.0
          },
          "x": 17,
          "y": 96,
          "locked": false
        }
      },
      {
        "type": "label",
        "data": {
          "name": "label_a_lot_of_travelers_walked_around",
          "text": {
            "fixedValue": "A lot of travelers walked around the world"
          },
          "color": {
            "value": -1,
            "falpha": 0.0
          },
          "x": 16,
          "y": 52,
          "locked": false
        }
      },
      {
        "type": "label",
        "data": {
          "name": "label_some_of_them_abandoned_their_hou",
          "text": {
            "fixedValue": "Some of them abandoned their houses or are living very far of any other"
          },
          "color": {
            "value": -1,
            "falpha": 0.0
          },
          "x": 16,
          "y": 66,
          "locked": false
        }
      },
      {
        "type": "label",
        "data": {
          "name": "label_habitations_with_other_villagers",
          "text": {
            "fixedValue": "habitations with other villagers"
          },
          "color": {
            "value": -1,
            "falpha": 0.0
          },
          "x": 16,
          "y": 78,
          "locked": false
        }
      },
      {
        "type": "label",
        "data": {
          "name": "label_dungeons_are_very_important_plac",
          "text": {
            "fixedValue": "Dungeons are very important places left in the past"
          },
          "color": {
            "value": -1,
            "falpha": 0.0
          },
          "x": 18,
          "y": 108,
          "locked": false
        }
      },
      {
        "type": "label",
        "data": {
          "name": "label_but_they_have_a_lot_of_things",
          "text": {
            "fixedValue": "But... They have a lot of things to see"
          },
          "color": {
            "value": -1,
            "falpha": 0.0
          },
          "x": 18,
          "y": 123,
          "locked": false
        }
      },
      {
        "type": "label",
        "data": {
          "name": "label_take_some_risks_exploring_theese",
          "text": {
            "fixedValue": "Take some risks exploring theese for awesome adventure and loot"
          },
          "color": {
            "value": -1,
            "falpha": 0.0
          },
          "x": 18,
          "y": 137,
          "locked": false
        }
      },
      {
        "type": "label",
        "data": {
          "name": "label_or_ignore_them_and_explore_other",
          "text": {
            "fixedValue": "or ignore them and explore other things in the Crafty World"
          },
          "color": {
            "value": -1,
            "falpha": 0.0
          },
          "x": 18,
          "y": 149,
          "locked": false
        }
      },
      {
        "type": "button",
        "data": {
          "name": "button_empty",
          "text": "<-",
          "isUndecorated": true,
          "onClick": {
            "name": "CloseWiki"
          },
          "width": 35,
          "height": 20,
          "x": 15,
          "y": 7,
          "locked": false
        }
      }
    ],
    "gridSettings": {
      "sx": 18,
      "sy": 18,
      "ox": 11,
      "oy": 15,
      "snapOnGrid": false
    }
  }
}