{
  "_fv": 73,
  "_type": "potioneffect",
  "definition": {
    "effectName": "Star",
    "icon": "star_effect",
    "color": {
      "value": -13312,
      "falpha": 0.0
    },
    "isInstant": false,
    "mobEffectCategory": "NEUTRAL",
    "renderStatusInInventory": true,
    "renderStatusInHUD": true,
    "isCuredByMilk": true,
    "isProtectedByTotem": true,
    "isCuredbyHoney": false,
    "modifiers": [],
    "onStarted": {
      "name": "CraftedStarEffectStarted"
    },
    "onActiveTick": {
      "name": "CraftedStarOnEffectActiveTick"
    },
    "onExpired": {
      "name": "CraftedStarEffectExpires"
    }
  }
}