{
  "_fv": 73,
  "_type": "recipe",
  "definition": {
    "recipeType": "Smithing",
    "recipeRetstackSize": 1,
    "group": "",
    "cookingBookCategory": "MISC",
    "xpReward": 0.0,
    "cookingTime": 200,
    "craftingBookCategory": "MISC",
    "recipeShapeless": false,
    "smithingInputStack": {
      "value": "Blocks.IRON_BARS"
    },
    "smithingInputAdditionStack": {
      "value": "Blocks.POLISHED_BLACKSTONE"
    },
    "smithingInputTemplateStack": {
      "value": ""
    },
    "smithingReturnStack": {
      "value": "CUSTOM:DarkIronBars"
    },
    "name": "dark_bars_iron_craft",
    "namespace": "mod"
  }
}