{
  "_fv": 73,
  "_type": "biome",
  "definition": {
    "name": "Dense Forest",
    "groundBlock": {
      "value": "CUSTOM:DenseGrass"
    },
    "undergroundBlock": {
      "value": "CUSTOM:SpecialDirt"
    },
    "underwaterBlock": {
      "value": "Blocks.GRAVEL"
    },
    "airColor": {
      "value": -7289466,
      "falpha": 0.0
    },
    "fogColor": {
      "value": -7289466,
      "falpha": 0.0
    },
    "grassColor": {
      "value": -15710713,
      "falpha": 0.0
    },
    "foliageColor": {
      "value": -15441914,
      "falpha": 0.0
    },
    "waterColor": {
      "value": -16497846,
      "falpha": 0.0
    },
    "waterFogColor": {
      "value": -15055246,
      "falpha": 0.0
    },
    "ambientSound": {
      "value": ""
    },
    "additionsSound": {
      "value": ""
    },
    "music": {
      "value": ""
    },
    "moodSound": {
      "value": ""
    },
    "moodSoundDelay": 6000,
    "spawnParticles": true,
    "particleToSpawn": {
      "value": "CUSTOM:HightTreesFallingLeaves"
    },
    "particlesProbability": 0.1,
    "rainingPossibility": 0.5,
    "temperature": 0.5,
    "spawnBiome": false,
    "spawnInCaves": false,
    "spawnBiomeNether": false,
    "genTemperature": {
      "min": -0.5,
      "max": 0.5
    },
    "genHumidity": {
      "min": -0.3428,
      "max": 0.8
    },
    "genContinentalness": {
      "min": 0.3,
      "max": 1.0
    },
    "genErosion": {
      "min": -0.5,
      "max": 0.5
    },
    "genWeirdness": {
      "min": -1.0,
      "max": 1.0
    },
    "treesPerChunk": 7,
    "vanillaTreeType": "Mega spruce trees",
    "treeType": 1,
    "minHeight": 20,
    "treeStem": {
      "value": "CUSTOM:HightTreesLog"
    },
    "treeBranch": {
      "value": "CUSTOM:HightTreesLeaves"
    },
    "treeVines": {
      "value": ""
    },
    "treeFruits": {
      "value": ""
    },
    "defaultFeatures": [
      "Caves",
      "Ores",
      "Lakes",
      "TaigaRocks",
      "ForestGrass",
      "JungleGrass"
    ],
    "spawnStronghold": false,
    "spawnMineshaft": false,
    "spawnMineshaftMesa": false,
    "spawnPillagerOutpost": false,
    "villageType": "none",
    "spawnWoodlandMansion": false,
    "spawnJungleTemple": false,
    "spawnDesertPyramid": false,
    "spawnSwampHut": false,
    "spawnIgloo": false,
    "spawnOceanMonument": false,
    "spawnShipwreck": false,
    "spawnShipwreckBeached": false,
    "spawnBuriedTreasure": false,
    "oceanRuinType": "NONE",
    "spawnNetherBridge": false,
    "spawnNetherFossil": false,
    "spawnBastionRemnant": false,
    "spawnEndCity": false,
    "spawnRuinedPortal": "NONE",
    "spawnEntries": [
      {
        "entity": {
          "value": "EntityCow"
        },
        "minGroup": 1,
        "maxGroup": 3,
        "weight": 1,
        "spawnType": "creature"
      },
      {
        "entity": {
          "value": "EntityParrot"
        },
        "minGroup": 1,
        "maxGroup": 2,
        "weight": 2,
        "spawnType": "creature"
      },
      {
        "entity": {
          "value": "EntityPig"
        },
        "minGroup": 1,
        "maxGroup": 3,
        "weight": 1,
        "spawnType": "creature"
      }
    ]
  }
}