{
  "_fv": 73,
  "_type": "recipe",
  "definition": {
    "recipeType": "Crafting",
    "recipeRetstackSize": 1,
    "group": "",
    "cookingBookCategory": "MISC",
    "xpReward": 0.0,
    "cookingTime": 200,
    "craftingBookCategory": "MISC",
    "recipeShapeless": false,
    "recipeSlots": [
      {
        "value": "Blocks.DIRT#0"
      },
      {
        "value": "Blocks.DIRT#0"
      },
      {
        "value": "Blocks.DIRT#0"
      },
      {
        "value": "Items.COMPARATOR"
      },
      {
        "value": "CUSTOM:LocalizatorBlock"
      },
      {
        "value": "Items.COMPARATOR"
      },
      {
        "value": "Blocks.DIRT#0"
      },
      {
        "value": "Blocks.DIRT#0"
      },
      {
        "value": "Blocks.DIRT#0"
      }
    ],
    "recipeReturnStack": {
      "value": "CUSTOM:ChunkDetector"
    },
    "name": "detecting_chunker",
    "namespace": "mod"
  }
}