{
  "_fv": 73,
  "_type": "recipe",
  "definition": {
    "recipeType": "Crafting",
    "recipeRetstackSize": 1,
    "group": "",
    "cookingBookCategory": "MISC",
    "xpReward": 0.0,
    "cookingTime": 200,
    "craftingBookCategory": "MISC",
    "recipeShapeless": false,
    "recipeSlots": [
      {
        "value": ""
      },
      {
        "value": "Items.ENDER_EYE"
      },
      {
        "value": ""
      },
      {
        "value": "Items.ENDER_EYE"
      },
      {
        "value": "Blocks.OAK_DOOR"
      },
      {
        "value": "Items.ENDER_EYE"
      },
      {
        "value": ""
      },
      {
        "value": "Items.ENDER_EYE"
      },
      {
        "value": ""
      }
    ],
    "recipeReturnStack": {
      "value": "CUSTOM:DimEnderOakDoor"
    },
    "name": "dimender_oak_door_craft",
    "namespace": "mod"
  }
}