{
  "_fv": 73,
  "_type": "gui",
  "definition": {
    "type": 0,
    "width": 176,
    "height": 166,
    "inventoryOffsetX": 0,
    "inventoryOffsetY": 0,
    "renderBgLayer": true,
    "doesPauseGame": false,
    "components": [
      {
        "type": "imagebutton",
        "data": {
          "name": "imagebutton_galacta",
          "image": "galact-a.png",
          "hoveredImage": "",
          "onClick": {
            "name": "AlphabetA"
          },
          "x": 141,
          "y": 71,
          "locked": false
        }
      },
      {
        "type": "imagebutton",
        "data": {
          "name": "imagebutton_galactb",
          "image": "galact-b.png",
          "hoveredImage": "",
          "onClick": {
            "name": "AlphabetB"
          },
          "x": 159,
          "y": 71,
          "locked": false
        }
      },
      {
        "type": "imagebutton",
        "data": {
          "name": "imagebutton_galactc",
          "image": "galact-c.png",
          "hoveredImage": "",
          "onClick": {
            "name": "AlphabetC"
          },
          "x": 177,
          "y": 71,
          "locked": false
        }
      },
      {
        "type": "imagebutton",
        "data": {
          "name": "imagebutton_galactd",
          "image": "galact-d.png",
          "hoveredImage": "",
          "onClick": {
            "name": "AlphabetD"
          },
          "x": 195,
          "y": 71,
          "locked": false
        }
      },
      {
        "type": "imagebutton",
        "data": {
          "name": "imagebutton_galacte",
          "image": "galact-e.png",
          "hoveredImage": "",
          "onClick": {
            "name": "AlphabetE"
          },
          "x": 213,
          "y": 71,
          "locked": false
        }
      },
      {
        "type": "imagebutton",
        "data": {
          "name": "imagebutton_galactf",
          "image": "galact-f.png",
          "hoveredImage": "",
          "onClick": {
            "name": "AlphabetF"
          },
          "x": 231,
          "y": 71,
          "locked": false
        }
      },
      {
        "type": "imagebutton",
        "data": {
          "name": "imagebutton_galactg",
          "image": "galact-g.png",
          "hoveredImage": "",
          "onClick": {
            "name": "AlphabetG"
          },
          "x": 249,
          "y": 71,
          "locked": false
        }
      },
      {
        "type": "imagebutton",
        "data": {
          "name": "imagebutton_galacth",
          "image": "galact-h.png",
          "hoveredImage": "",
          "onClick": {
            "name": "AlphabetH"
          },
          "x": 267,
          "y": 71,
          "locked": false
        }
      },
      {
        "type": "imagebutton",
        "data": {
          "name": "imagebutton_galacti",
          "image": "galact-i.png",
          "hoveredImage": "",
          "onClick": {
            "name": "AlphabetI"
          },
          "x": 141,
          "y": 89,
          "locked": false
        }
      },
      {
        "type": "imagebutton",
        "data": {
          "name": "imagebutton_galactj",
          "image": "galact-j.png",
          "hoveredImage": "",
          "onClick": {
            "name": "AlphabetJ"
          },
          "x": 159,
          "y": 89,
          "locked": false
        }
      },
      {
        "type": "imagebutton",
        "data": {
          "name": "imagebutton_galactk",
          "image": "galact-k.png",
          "hoveredImage": "",
          "onClick": {
            "name": "AlphabetK"
          },
          "x": 177,
          "y": 89,
          "locked": false
        }
      },
      {
        "type": "imagebutton",
        "data": {
          "name": "imagebutton_galactl",
          "image": "galact-l.png",
          "hoveredImage": "",
          "onClick": {
            "name": "AlphabetL"
          },
          "x": 195,
          "y": 89,
          "locked": false
        }
      },
      {
        "type": "imagebutton",
        "data": {
          "name": "imagebutton_galactm",
          "image": "galact-m.png",
          "hoveredImage": "",
          "onClick": {
            "name": "AlphabetM"
          },
          "x": 213,
          "y": 89,
          "locked": false
        }
      },
      {
        "type": "imagebutton",
        "data": {
          "name": "imagebutton_galactn",
          "image": "galact-n.png",
          "hoveredImage": "",
          "onClick": {
            "name": "AlphabetN"
          },
          "x": 231,
          "y": 89,
          "locked": false
        }
      },
      {
        "type": "imagebutton",
        "data": {
          "name": "imagebutton_galacto",
          "image": "galact-o.png",
          "hoveredImage": "",
          "onClick": {
            "name": "AlphabetO"
          },
          "x": 249,
          "y": 89,
          "locked": false
        }
      },
      {
        "type": "imagebutton",
        "data": {
          "name": "imagebutton_galactp",
          "image": "galact-p.png",
          "hoveredImage": "",
          "onClick": {
            "name": "AlphabetP"
          },
          "x": 267,
          "y": 89,
          "locked": false
        }
      },
      {
        "type": "imagebutton",
        "data": {
          "name": "imagebutton_galactq",
          "image": "galact-q.png",
          "hoveredImage": "",
          "onClick": {
            "name": "AlphabetQ"
          },
          "x": 150,
          "y": 107,
          "locked": false
        }
      },
      {
        "type": "imagebutton",
        "data": {
          "name": "imagebutton_galactr",
          "image": "galact-r.png",
          "hoveredImage": "",
          "onClick": {
            "name": "AlphabetR"
          },
          "x": 168,
          "y": 107,
          "locked": false
        }
      },
      {
        "type": "imagebutton",
        "data": {
          "name": "imagebutton_galacts",
          "image": "galact-s.png",
          "hoveredImage": "",
          "onClick": {
            "name": "AlphabetS"
          },
          "x": 186,
          "y": 107,
          "locked": false
        }
      },
      {
        "type": "imagebutton",
        "data": {
          "name": "imagebutton_galactt",
          "image": "galact-t.png",
          "hoveredImage": "",
          "onClick": {
            "name": "AlphabetT"
          },
          "x": 204,
          "y": 107,
          "locked": false
        }
      },
      {
        "type": "imagebutton",
        "data": {
          "name": "imagebutton_galactu",
          "image": "galact-u.png",
          "hoveredImage": "",
          "onClick": {
            "name": "AlphabetU"
          },
          "x": 222,
          "y": 107,
          "locked": false
        }
      },
      {
        "type": "imagebutton",
        "data": {
          "name": "imagebutton_galactv",
          "image": "galact-v.png",
          "hoveredImage": "",
          "onClick": {
            "name": "AlphabetV"
          },
          "x": 240,
          "y": 107,
          "locked": false
        }
      },
      {
        "type": "imagebutton",
        "data": {
          "name": "imagebutton_galactw",
          "image": "galact-w.png",
          "hoveredImage": "",
          "onClick": {
            "name": "AlphabetW"
          },
          "x": 258,
          "y": 107,
          "locked": false
        }
      },
      {
        "type": "imagebutton",
        "data": {
          "name": "imagebutton_galactx",
          "image": "galact-x.png",
          "hoveredImage": "galact-ok.png",
          "onClick": {
            "name": "LoadEnchantments"
          },
          "x": 168,
          "y": 134,
          "locked": false
        }
      },
      {
        "type": "imagebutton",
        "data": {
          "name": "imagebutton_galacty",
          "image": "galact-y.png",
          "hoveredImage": "galact-clear.png",
          "onClick": {
            "name": "ConfigureDefaultEnchanterEdit"
          },
          "x": 204,
          "y": 134,
          "locked": false
        }
      },
      {
        "type": "imagebutton",
        "data": {
          "name": "imagebutton_galactz",
          "image": "galact-z.png",
          "hoveredImage": "galact-exit.png",
          "onClick": {
            "name": "CloseUIS"
          },
          "x": 240,
          "y": 134,
          "locked": false
        }
      },
      {
        "type": "label",
        "data": {
          "name": "label_enchantment_creator",
          "text": {
            "fixedValue": "Enchantment Creator"
          },
          "color": {
            "value": -6736897,
            "falpha": 0.0
          },
          "x": 132,
          "y": 44,
          "locked": false
        }
      }
    ],
    "onOpen": {
      "name": "InitializeAlphabet"
    },
    "gridSettings": {
      "sx": 18,
      "sy": 18,
      "ox": 11,
      "oy": 15,
      "snapOnGrid": true
    }
  }
}