{
  "_fv": 73,
  "_type": "recipe",
  "definition": {
    "recipeType": "Crafting",
    "recipeRetstackSize": 1,
    "group": "",
    "cookingBookCategory": "MISC",
    "xpReward": 0.0,
    "cookingTime": 200,
    "craftingBookCategory": "MISC",
    "recipeShapeless": false,
    "recipeSlots": [
      {
        "value": ""
      },
      {
        "value": "Items.WRITABLE_BOOK"
      },
      {
        "value": ""
      },
      {
        "value": ""
      },
      {
        "value": "Items.GOLD_INGOT"
      },
      {
        "value": ""
      },
      {
        "value": "Items.GOLD_INGOT"
      },
      {
        "value": "Blocks.GOLD_BLOCK"
      },
      {
        "value": "Items.GOLD_INGOT"
      }
    ],
    "recipeReturnStack": {
      "value": "CUSTOM:EnchanterEditorTable"
    },
    "name": "enchanter_editor_craft",
    "namespace": "mod"
  }
}