{
  "_fv": 73,
  "_type": "villagertrade",
  "definition": {
    "tradeEntries": [
      {
        "villagerProfession": {
          "value": "CUSTOM:EnchanterPlus"
        },
        "entries": [
          {
            "price1": {
              "value": "Items.EMERALD"
            },
            "countPrice1": 1,
            "price2": {
              "value": ""
            },
            "countPrice2": 1,
            "offer": {
              "value": "Items.BOOK"
            },
            "countOffer": 1,
            "level": 1,
            "maxTrades": 10,
            "xp": 5,
            "priceMultiplier": 0.05
          },
          {
            "price1": {
              "value": "Items.EMERALD"
            },
            "countPrice1": 1,
            "price2": {
              "value": "Items.FEATHER"
            },
            "countPrice2": 1,
            "offer": {
              "value": "Items.WRITABLE_BOOK"
            },
            "countOffer": 1,
            "level": 1,
            "maxTrades": 10,
            "xp": 5,
            "priceMultiplier": 0.05
          },
          {
            "price1": {
              "value": "CUSTOM:MagicLogMana"
            },
            "countPrice1": 10,
            "price2": {
              "value": ""
            },
            "countPrice2": 1,
            "offer": {
              "value": "Items.EMERALD"
            },
            "countOffer": 15,
            "level": 1,
            "maxTrades": 10,
            "xp": 5,
            "priceMultiplier": 0.05
          },
          {
            "price1": {
              "value": "Items.EMERALD"
            },
            "countPrice1": 1,
            "price2": {
              "value": ""
            },
            "countPrice2": 1,
            "offer": {
              "value": "Items.EXPERIENCE_BOTTLE"
            },
            "countOffer": 1,
            "level": 2,
            "maxTrades": 10,
            "xp": 5,
            "priceMultiplier": 0.05
          },
          {
            "price1": {
              "value": "Items.EMERALD"
            },
            "countPrice1": 15,
            "price2": {
              "value": "Items.GOLD_INGOT"
            },
            "countPrice2": 1,
            "offer": {
              "value": "Items.GOLDEN_APPLE#1"
            },
            "countOffer": 1,
            "level": 3,
            "maxTrades": 10,
            "xp": 5,
            "priceMultiplier": 0.05
          },
          {
            "price1": {
              "value": "Items.EMERALD"
            },
            "countPrice1": 15,
            "price2": {
              "value": "Items.DIAMOND"
            },
            "countPrice2": 1,
            "offer": {
              "value": "Blocks.ENCHANTING_TABLE"
            },
            "countOffer": 1,
            "level": 4,
            "maxTrades": 10,
            "xp": 5,
            "priceMultiplier": 0.05
          },
          {
            "price1": {
              "value": "Items.EMERALD"
            },
            "countPrice1": 1,
            "price2": {
              "value": "Items.BLAZE_POWDER"
            },
            "countPrice2": 1,
            "offer": {
              "value": "Blocks.BREWING_STAND"
            },
            "countOffer": 1,
            "level": 1,
            "maxTrades": 10,
            "xp": 5,
            "priceMultiplier": 0.05
          },
          {
            "price1": {
              "value": "Items.EMERALD"
            },
            "countPrice1": 1,
            "price2": {
              "value": "CUSTOM:Skynia"
            },
            "countPrice2": 10,
            "offer": {
              "value": "CUSTOM:SpeedPet"
            },
            "countOffer": 1,
            "level": 5,
            "maxTrades": 10,
            "xp": 5,
            "priceMultiplier": 0.05
          },
          {
            "price1": {
              "value": "Items.EMERALD"
            },
            "countPrice1": 1,
            "price2": {
              "value": "CUSTOM:Skynia"
            },
            "countPrice2": 10,
            "offer": {
              "value": "CUSTOM:JumpPet"
            },
            "countOffer": 1,
            "level": 5,
            "maxTrades": 10,
            "xp": 5,
            "priceMultiplier": 0.05
          }
        ]
      },
      {
        "villagerProfession": {
          "value": "LIBRARIAN"
        },
        "entries": [
          {
            "price1": {
              "value": "CUSTOM:MagicLogMana"
            },
            "countPrice1": 10,
            "price2": {
              "value": "CUSTOM:MagicLog"
            },
            "countPrice2": 10,
            "offer": {
              "value": "CUSTOM:ChargeTemplate"
            },
            "countOffer": 1,
            "level": 2,
            "maxTrades": 10,
            "xp": 5,
            "priceMultiplier": 0.05
          },
          {
            "price1": {
              "value": "Items.EMERALD"
            },
            "countPrice1": 1,
            "price2": {
              "value": "Blocks.END_STONE"
            },
            "countPrice2": 32,
            "offer": {
              "value": "CUSTOM:EnderTransporter"
            },
            "countOffer": 1,
            "level": 2,
            "maxTrades": 10,
            "xp": 5,
            "priceMultiplier": 0.05
          },
          {
            "price1": {
              "value": "Items.EMERALD"
            },
            "countPrice1": 1,
            "price2": {
              "value": "Items.COPPER_INGOT"
            },
            "countPrice2": 1,
            "offer": {
              "value": "CUSTOM:CopperCard"
            },
            "countOffer": 1,
            "level": 2,
            "maxTrades": 10,
            "xp": 5,
            "priceMultiplier": 0.05
          }
        ]
      }
    ]
  }
}